SET NAMES 'utf8mb4';

-- ============================================
-- 1. 기초 테이블 생성 (참조하는 테이블이 없는 독립적인 테이블)
-- ============================================

-- 학과 테이블
CREATE TABLE IF NOT EXISTS department (
                                          department_id BIGINT PRIMARY KEY,
                                          department_name VARCHAR(100) NOT NULL
    );

-- 강의 그룹 테이블
CREATE TABLE IF NOT EXISTS lecture_group (
                                             lecture_group_id BIGINT PRIMARY KEY,
                                             lecture_group_name VARCHAR(255) NOT NULL
    );

-- 이메일 인증 테이블
CREATE TABLE IF NOT EXISTS email_verifications (
                                                   email_verification_id BIGINT AUTO_INCREMENT PRIMARY KEY,
                                                   email VARCHAR(255) NOT NULL UNIQUE,
    verification_code VARCHAR(6) NOT NULL,
    expires_at DATETIME(6) NOT NULL,
    verified BOOLEAN NOT NULL,
    created_at DATETIME(6) NOT NULL,
    updated_at DATETIME(6) NOT NULL
    );


-- ============================================
-- 2. 참조 테이블 생성 (외래 키 의존성이 있는 테이블)
-- ============================================

-- 강의 테이블 (lecture_group_id 외래 키 참조)
CREATE TABLE IF NOT EXISTS lecture (
                                       lecture_id BIGINT PRIMARY KEY,
                                       lecture_name VARCHAR(255) NOT NULL,
    credit INT NOT NULL,
    course_classification VARCHAR(50) NOT NULL, -- MAJOR_REQUIREMENT, LIBERAL_REQUIREMENT 등
    liberal_category VARCHAR(50) NULL,          -- AI_BASIC, COMMUNICATION 등 (NULL 가능)
    semester INT NOT NULL,
    lecture_year INT NOT NULL,
    grade INT NULL,                             -- NULL 입력 대비 NULL 허용
    classroom VARCHAR(100) NULL,                -- NULL 입력 대비 NULL 허용
    professor VARCHAR(100) NULL,                -- NULL 입력 대비 NULL 허용
    course_code VARCHAR(50) NOT NULL,
    lecture_group_id BIGINT,
    FOREIGN KEY (lecture_group_id) REFERENCES lecture_group(lecture_group_id) ON DELETE SET NULL
    );

-- 강의 시간표 테이블 (lecture_id 외래 키 참조)
CREATE TABLE IF NOT EXISTS lecture_schedule (
                                                lecture_schedule_id BIGINT PRIMARY KEY,
                                                lecture_id BIGINT NOT NULL,
                                                day_of_week VARCHAR(10) NOT NULL,           -- MON, TUE, WED, THU, FRI 등
    start_time TIME NOT NULL,
    end_time TIME NOT NULL,
    FOREIGN KEY (lecture_id) REFERENCES lecture(lecture_id) ON DELETE CASCADE
    );

-- 커리큘럼 테이블 (lecture_id, department_id 외래 키 참조)
CREATE TABLE IF NOT EXISTS curriculum (
                                          curriculum_id BIGINT PRIMARY KEY,
                                          lecture_id BIGINT NOT NULL,
                                          department_id BIGINT NOT NULL,
                                          grade INT NOT NULL,
                                          requirement BOOLEAN NOT NULL,
                                          FOREIGN KEY (lecture_id) REFERENCES lecture(lecture_id) ON DELETE CASCADE,
    FOREIGN KEY (department_id) REFERENCES department(department_id) ON DELETE CASCADE
    );

-- 유저 테이블 (department_id 외래 키 참조)
CREATE TABLE IF NOT EXISTS users (
                                     user_id BIGINT AUTO_INCREMENT PRIMARY KEY,
                                     department_id BIGINT NOT NULL,
                                     student_id BIGINT NOT NULL,
                                     email VARCHAR(255) NOT NULL UNIQUE,
    password VARCHAR(255) NOT NULL,
    grade INT NOT NULL,
    email_verified BOOLEAN NOT NULL,
    created_at DATETIME(6) NOT NULL,
    updated_at DATETIME(6) NOT NULL,
    deleted_at DATETIME(6) NULL,
    FOREIGN KEY (department_id) REFERENCES department(department_id)
    );




-- ============================================
-- 경영학과(department_id=1) 실제 개설 강의 데이터 (LectureGroup 반영)
-- 같은 과목 판단 기준: 강의명에서 괄호 수식어((외국인반),(12주),(P/NP) 등)를 제거한 나머지가 동일하면 같은 그룹
-- ⚠️ LectureGroup이 BaseTimeEntity를 상속한다면 created_at/updated_at 등 NOT NULL 컬럼이 있는지 확인 필요
--    (여기서는 lecture_group_id, lecture_group_name만 INSERT함)
-- lecture_group_id: 1 ~ 31
-- lecture_id: 10000 ~ 10106
-- curriculum_id: 789 ~ 895
-- ============================================

-- ============================================
-- Lecture Group (31개, 중복 과목명 병합)
-- ============================================

INSERT INTO department (department_id, department_name)
VALUES
    (1, '경영학과'),
    (2, '컴퓨터공학과');

INSERT INTO lecture_group (lecture_group_id, lecture_group_name)
VALUES
    (1,'ESG 경영'),
    (2,'재무관리'),
    (3,'국제경영'),
    (4,'소비자행동'),
    (5,'경영과학'),
    (6,'창업과 마케팅'),
    (7,'조직행동'),
    (8,'인적자원과 조직개발'),
    (9,'마케팅 데이터 분석'),
    (10,'기업법'),
    (11,'P-실무프로젝트'),
    (12,'경영정보'),
    (13,'기업재무'),
    (14,'서비스경영'),
    (15,'현대조직의이해'),
    (16,'HR 데이터 분석'),
    (17,'브랜드관리'),
    (18,'중급회계연습2'),
    (19,'관리회계연습'),
    (20,'비영리회계'),
    (21,'AI 기반 경영전략 실습'),
    (22,'파이썬과 회계데이터 분석'),
    (23,'파생상품'),
    (24,'유통관리'),
    (25,'혁신과 전략'),
    (26,'회사법'),
    (27,'리더십사례연구'),
    (28,'데이터경영 주제연구'),
    (29,'경영자료와 의사결정'),
    (30,'소득세회계연습'),
    (31,'부가가치세회계연습'),
    (32,'경제학입문');

-- ============================================
-- Lecture (경영학과, 107개)
-- ============================================
INSERT INTO lecture
(
    lecture_id, lecture_name, credit, course_classification, liberal_category,
    semester, lecture_year, grade, classroom, professor, course_code, lecture_group_id
)
VALUES
    (10000,'ESG 경영',3,'MAJOR_ELECTIVE',null,2,2026,1,'가천관-720','이호승','15695001',1),
    (10001,'ESG 경영',3,'MAJOR_ELECTIVE',null,2,2026,1,'가천관-702','박종각','15695002',1),
    (70001,'경제학입문',3,'MAJOR_REQUIREMENT',null,2,2026,1,'가천관-513','오주현','12705001',32),
    (70002,'경제학입문',3,'MAJOR_REQUIREMENT',null,2,2026,1,'가천관-513','김기철','12705002',32),
    (10002,'재무관리',3,'MAJOR_REQUIREMENT',null,2,2026,2,'가천관-713','심형섭','02858001',2),
    (10003,'재무관리',3,'MAJOR_REQUIREMENT',null,2,2026,2,'가천관-713','심형섭','02858002',2),
    (10004,'재무관리',3,'MAJOR_REQUIREMENT',null,2,2026,2,'가천관-513','김동한','02858003',2),
    (10005,'재무관리',3,'MAJOR_REQUIREMENT',null,2,2026,2,'가천관-513','김동한','02858004',2),
    (10006,'재무관리',3,'MAJOR_REQUIREMENT',null,2,2026,2,'가천관-713','강병욱','02858005',2),
    (10007,'재무관리',3,'MAJOR_REQUIREMENT',null,2,2026,2,'가천관-713','강병욱','02858006',2),
    (10009,'국제경영',3,'MAJOR_ELECTIVE',null,2,2026,2,'가천관-713','이은화','02926001',3),
    (10010,'국제경영',3,'MAJOR_ELECTIVE',null,2,2026,2,'가천관-701','한주희','02926002',3),
    (10011,'국제경영',3,'MAJOR_ELECTIVE',null,2,2026,2,'가천관-701','한주희','02926003',3),
    (10013,'소비자행동',3,'MAJOR_ELECTIVE',null,2,2026,2,'가천관-713','김동엽','10698001',4),
    (10014,'소비자행동',3,'MAJOR_ELECTIVE',null,2,2026,2,'가천관-701','양재형','10698002',4),
    (10015,'소비자행동',3,'MAJOR_ELECTIVE',null,2,2026,2,'가천관-714','양재형','10698003',4),
    (10016,'소비자행동',3,'MAJOR_ELECTIVE',null,2,2026,2,'가천관-702','이종현','10698004',4),
    (10017,'소비자행동',3,'MAJOR_ELECTIVE',null,2,2026,2,'가천관-702','이종현','10698005',4),
    (10018,'소비자행동',3,'MAJOR_ELECTIVE',null,2,2026,2,null,null,'10698006',4),
    (10020,'경영과학',3,'MAJOR_ELECTIVE',null,2,2026,2,'가천관-714','서정대','11923001',5),
    (10021,'경영과학',3,'MAJOR_ELECTIVE',null,2,2026,2,'가천관-702','민선홍','11923002',5),
    (10022,'창업과 마케팅 (P/NP)',2,'MAJOR_ELECTIVE',null,2,2026,2,'가천관-720','최정선','12735001',6),
    (10023,'창업과 마케팅 (P/NP)',2,'MAJOR_ELECTIVE',null,2,2026,2,'가천관-720','최정선','12735005',6),
    (10024,'조직행동',3,'MAJOR_REQUIREMENT',null,2,2026,3,'가천관-701','강승완','12897001',7),
    (10025,'조직행동',3,'MAJOR_REQUIREMENT',null,2,2026,3,'가천관-701','김병직','12897002',7),
    (10026,'조직행동',3,'MAJOR_REQUIREMENT',null,2,2026,3,'가천관-701','손정미','12897003',7),
    (10027,'조직행동',3,'MAJOR_REQUIREMENT',null,2,2026,3,'가천관-513','김명희','12897004',7),
    (10028,'조직행동',3,'MAJOR_REQUIREMENT',null,2,2026,3,'가천관-513','김명희','12897005',7),
    (10029,'조직행동',3,'MAJOR_REQUIREMENT',null,2,2026,3,null,null,'12897006',7),
    (10030,'조직행동',3,'MAJOR_REQUIREMENT',null,2,2026,3,'가천관-714',null,'12897007',7),
    (10032,'인적자원과 조직개발',3,'MAJOR_ELECTIVE',null,2,2026,2,'가천관-713','조성준','13216001',8),
    (10033,'인적자원과 조직개발',3,'MAJOR_ELECTIVE',null,2,2026,2,'가천관-713','손정미','13216002',8),
    (10034,'인적자원과 조직개발',3,'MAJOR_ELECTIVE',null,2,2026,2,'가천관-714','손정미','13216003',8),
    (10035,'인적자원과 조직개발',3,'MAJOR_ELECTIVE',null,2,2026,2,'가천관-702','남상훈','13216004',8),
    (10037,'마케팅 데이터 분석',3,'MAJOR_ELECTIVE',null,2,2026,2,'가천관-714','이인영','14250001',9),
    (10038,'마케팅 데이터 분석 (실시간화상강의)',3,'MAJOR_ELECTIVE',null,2,2026,2,'화상강의강의실(가상)','노혜영','14250002',9),
    (10039,'기업법',3,'MAJOR_ELECTIVE',null,2,2026,4,'가천관-513','Sara Oh','15704001',10),
    (10040,'기업법',3,'MAJOR_ELECTIVE',null,2,2026,4,'가천관-702','하영태','15704002',10),
    (10041,'P-실무프로젝트 (4주/학과프로젝트)',3,'MAJOR_REQUIREMENT',null,2,2026,3,'가천관-721','이인영','60000034',11),
    (10042,'P-실무프로젝트 (4주/학과프로젝트)',3,'MAJOR_REQUIREMENT',null,2,2026,3,'가천관-721','정경란','60000053',11),
    (10043,'P-실무프로젝트 (4주/학과프로젝트)',3,'MAJOR_REQUIREMENT',null,2,2026,3,'가천관-721','이경재','60000054',11),
    (10044,'P-실무프로젝트 (4주/학과프로젝트)(AI)',3,'MAJOR_REQUIREMENT',null,2,2026,3,'가천관-722','곽찬희','60000055',11),
    (10045,'P-실무프로젝트 (4주/학과프로젝트)',3,'MAJOR_REQUIREMENT',null,2,2026,3,'가천관-721','유진영','60000056',11),
    (10046,'P-실무프로젝트 (4주/학과프로젝트)(AI)(Post-P)',3,'MAJOR_REQUIREMENT',null,2,2026,3,'가천관-722','김동엽','60000057',11),
    (10047,'P-실무프로젝트 (4주/학과프로젝트)',3,'MAJOR_REQUIREMENT',null,2,2026,3,'가천관-722','이호승','60000058',11),
    (10048,'P-실무프로젝트 (4주/학과프로젝트)',3,'MAJOR_REQUIREMENT',null,2,2026,3,'가천관-301','한주희','60000059',11),
    (10049,'P-실무프로젝트 (4주/학과프로젝트)',3,'MAJOR_REQUIREMENT',null,2,2026,3,'가천관-721','김홍범','60000060',11),
    (10050,'P-실무프로젝트 (4주/학과프로젝트)(AI)',3,'MAJOR_REQUIREMENT',null,2,2026,3,'가천관-301','윤인경','60000061',11),
    (10052,'P-실무프로젝트 (4주/현장실습) (P/NP)',3,'MAJOR_REQUIREMENT',null,2,2026,3,null,'전성민','60001001',11),
    (10053,'경영정보 (12주)',3,'MAJOR_REQUIREMENT',null,2,2026,3,'가천관-301','장문경','61142001',12),
    (10054,'경영정보 (12주)',3,'MAJOR_REQUIREMENT',null,2,2026,3,'가천관-713','장문경','61142002',12),
    (10055,'경영정보 (12주)',3,'MAJOR_REQUIREMENT',null,2,2026,3,'가천관-301','박보우','61142003',12),
    (10056,'경영정보 (12주)',3,'MAJOR_REQUIREMENT',null,2,2026,3,'가천관-301','박보우','61142004',12),
    (10057,'경영정보 (12주)',3,'MAJOR_REQUIREMENT',null,2,2026,3,'가천관-715','임외석','61142005',12),
    (10058,'경영정보 (12주)',3,'MAJOR_REQUIREMENT',null,2,2026,3,'가천관-301','이서영','61142006',12),
    (10059,'경영정보 (12주)',3,'MAJOR_REQUIREMENT',null,2,2026,3,'가천관-301','이서영','61142007',12),
    (10060,'경영정보 (12주)',3,'MAJOR_REQUIREMENT',null,2,2026,3,'가천관-301','이원창','61142008',12),
    (10061,'경영정보 (12주)',3,'MAJOR_REQUIREMENT',null,2,2026,3,'가천관-720','전성민','61142009',12),
    (10063,'기업재무 (12주)',3,'MAJOR_ELECTIVE',null,2,2026,3,'가천관-721','심형섭','61146001',13),
    (10064,'기업재무 (12주)',3,'MAJOR_ELECTIVE',null,2,2026,3,null,null,'61146002',13),
    (10065,'서비스경영 (12주)',3,'MAJOR_ELECTIVE',null,2,2026,3,'가천관-824','옥형수','61314001',14),
    (10066,'서비스경영 (12주)',3,'MAJOR_ELECTIVE',null,2,2026,3,'가천관-722','김홍범','61314002',14),
    (10067,'서비스경영 (12주)',3,'MAJOR_ELECTIVE',null,2,2026,3,'가천관-722','차영덕','61314003',14),
    (10068,'서비스경영 (12주)',3,'MAJOR_ELECTIVE',null,2,2026,3,'가천관-722','노혜영','61314004',14),
    (10069,'현대조직의이해 (12주)',3,'MAJOR_ELECTIVE',null,2,2026,3,'가천관-722','이경재','61364001',15),
    (10070,'현대조직의이해 (12주)',3,'MAJOR_ELECTIVE',null,2,2026,3,'가천관-721','김지영','61364002',15),
    (10071,'현대조직의이해 (12주)',3,'MAJOR_ELECTIVE',null,2,2026,3,'가천관-722','이경재','61364003',15),
    (10073,'HR 데이터 분석 (12주)',3,'MAJOR_ELECTIVE',null,2,2026,3,'가천관-721','정경란','61394001',16),
    (10074,'HR 데이터 분석 (12주)(실시간화상강의)',3,'MAJOR_ELECTIVE',null,2,2026,3,'화상강의강의실(가상)','김지영','61394002',16),
    (10075,'브랜드관리 (12주)',3,'MAJOR_ELECTIVE',null,2,2026,3,'가천관-722','유진영','61395001',17),
    (10076,'브랜드관리 (12주)',3,'MAJOR_ELECTIVE',null,2,2026,3,'가천관-722','유진영','61395002',17),
    (10077,'브랜드관리 (12주)',3,'MAJOR_ELECTIVE',null,2,2026,3,'가천관-721','이원인','61395003',17),
    (10079,'중급회계연습2 (12주)',3,'MAJOR_ELECTIVE',null,2,2026,3,'가천관-718','이승준','61536001',18),
    (10080,'중급회계연습2 (12주)',3,'MAJOR_ELECTIVE',null,2,2026,3,'가천관-718','이승준','61536002',18),
    (10081,'관리회계연습 (12주)',3,'MAJOR_ELECTIVE',null,2,2026,3,'가천관-301','현진환','61543001',19),
    (10082,'관리회계연습 (12주)',3,'MAJOR_ELECTIVE',null,2,2026,3,'가천관-701','현진환','61543002',19),
    (10083,'비영리회계 (12주)',3,'MAJOR_ELECTIVE',null,2,2026,3,'가천관-301','김완희','61544001',20),
    (10084,'비영리회계 (12주)',3,'MAJOR_ELECTIVE',null,2,2026,3,'가천관-301','김완희','61544002',20),
    (10085,'비영리회계 (12주)',3,'MAJOR_ELECTIVE',null,2,2026,3,'가천관-720','하연자','61544003',20),
    (10086,'AI 기반 경영전략 실습 (12주)',3,'MAJOR_ELECTIVE',null,2,2026,4,'가천관-721','한주희','61582001',21),
    (10087,'AI 기반 경영전략 실습 (12주)(Pre-P)',3,'MAJOR_ELECTIVE',null,2,2026,4,'가천관-722','김동엽','61582002',21),
    (10088,'AI 기반 경영전략 실습 (12주)(S분반)',3,'MAJOR_ELECTIVE',null,2,2026,4,'가천관-721','이호승','61582003',21),
    (10089,'파이썬과 회계데이터 분석 (12주)',3,'MAJOR_ELECTIVE',null,2,2026,4,null,null,'61583001',22),
    (10090,'파생상품',3,'MAJOR_ELECTIVE',null,2,2026,4,'가천관-714','강병욱','09156001',23),
    (10091,'유통관리',3,'MAJOR_ELECTIVE',null,2,2026,4,'가천관-702','이종현','10701001',24),
    (10092,'유통관리',3,'MAJOR_ELECTIVE',null,2,2026,4,'가천관-720','임진환','10701002',24),
    (10093,'혁신과 전략',3,'MAJOR_ELECTIVE',null,2,2026,4,'가천관-714','김한얼','10703001',25),
    (10094,'혁신과 전략',3,'MAJOR_ELECTIVE',null,2,2026,4,'가천관-714','김한얼','10703002',25),
    (10095,'혁신과 전략',3,'MAJOR_ELECTIVE',null,2,2026,4,'가천관-714','김한얼','10703003',25),
    (10097,'회사법 (실시간화상강의)',3,'MAJOR_ELECTIVE',null,2,2026,4,'화상강의강의실(가상)','Sara Oh','13212001',26),
    (10098,'회사법 (실시간화상강의)',3,'MAJOR_ELECTIVE',null,2,2026,4,'화상강의강의실(가상)','Sara Oh','13212002',26),
    (10099,'리더십사례연구',3,'MAJOR_ELECTIVE',null,2,2026,4,'가천관-718','김병직','14003001',27),
    (10100,'리더십사례연구',3,'MAJOR_ELECTIVE',null,2,2026,4,'가천관-702',null,'14003002',27),
    (10102,'데이터경영 주제연구',3,'MAJOR_ELECTIVE',null,2,2026,4,'가천관-702','곽찬희','14256001',28),
    (10103,'경영자료와 의사결정',3,'MAJOR_ELECTIVE',null,2,2026,4,'가천관-714','이미영','14257001',29),
    (10104,'소득세회계연습',3,'MAJOR_ELECTIVE',null,2,2026,4,'가천관-513','김호성','15284001',30),
    (10105,'소득세회계연습',3,'MAJOR_ELECTIVE',null,2,2026,4,'가천관-718','임정길','15284002',30),
    (10106,'부가가치세회계연습',3,'MAJOR_ELECTIVE',null,2,2026,4,'가천관-714','윤유진','15285001',31);

-- ============================================
-- Lecture Schedule (경영학과, 191개)
-- ============================================
INSERT INTO lecture_schedule (lecture_schedule_id, lecture_id, day_of_week, start_time, end_time)
VALUES
    (100000,10000,'THU','10:00:00','12:00:00'),
    (100001,10000,'FRI','10:00:00','11:00:00'),
    (100010,10001,'WED','13:00:00','16:00:00'),
    (100020,10002,'MON','15:00:00','17:00:00'),
    (100021,10002,'TUE','15:00:00','16:00:00'),
    (100030,10003,'MON','17:00:00','18:00:00'),
    (100031,10003,'TUE','16:00:00','18:00:00'),
    (100040,10004,'THU','10:00:00','13:00:00'),
    (100050,10005,'THU','16:00:00','19:00:00'),
    (100060,10006,'WED','16:00:00','19:00:00'),
    (100070,10007,'THU','16:00:00','19:00:00'),
    (100090,10009,'THU','10:00:00','13:00:00'),
    (100100,10010,'THU','12:00:00','14:00:00'),
    (100101,10010,'FRI','12:00:00','13:00:00'),
    (100110,10011,'THU','14:00:00','15:00:00'),
    (100111,10011,'FRI','13:00:00','15:00:00'),
    (100130,10013,'MON','14:00:00','15:00:00'),
    (100131,10013,'TUE','13:00:00','15:00:00'),
    (100140,10014,'WED','09:00:00','12:00:00'),
    (100150,10015,'THU','09:00:00','12:00:00'),
    (100160,10016,'MON','15:00:00','17:00:00'),
    (100161,10016,'TUE','15:00:00','16:00:00'),
    (100170,10017,'MON','17:00:00','18:00:00'),
    (100171,10017,'TUE','16:00:00','18:00:00'),
    (100200,10020,'MON','15:00:00','17:00:00'),
    (100201,10020,'TUE','15:00:00','16:00:00'),
    (100210,10021,'FRI','16:00:00','19:00:00'),
    (100220,10022,'WED','09:00:00','11:00:00'),
    (100230,10023,'WED','11:00:00','13:00:00'),
    (100240,10024,'MON','17:00:00','18:00:00'),
    (100241,10024,'TUE','16:00:00','18:00:00'),
    (100250,10025,'MON','12:00:00','13:00:00'),
    (100251,10025,'TUE','12:00:00','14:00:00'),
    (100260,10026,'MON','13:00:00','16:00:00'),
    (100270,10027,'MON','10:00:00','13:00:00'),
    (100280,10028,'MON','13:00:00','16:00:00'),
    (100300,10030,'THU','18:00:00','21:00:00'),
    (100320,10032,'MON','11:00:00','12:00:00'),
    (100321,10032,'TUE','10:00:00','12:00:00'),
    (100330,10033,'FRI','10:00:00','13:00:00'),
    (100340,10034,'FRI','13:00:00','16:00:00'),
    (100350,10035,'MON','12:00:00','15:00:00'),
    (100370,10037,'THU','12:00:00','15:00:00'),
    (100380,10038,'MON','13:00:00','16:00:00'),
    (100390,10039,'WED','12:00:00','14:00:00'),
    (100391,10039,'FRI','13:00:00','14:00:00'),
    (100400,10040,'WED','16:00:00','19:00:00'),
    (100410,10041,'MON','09:00:00','12:00:00'),
    (100411,10041,'TUE','09:00:00','12:00:00'),
    (100412,10041,'WED','09:00:00','12:00:00'),
    (100413,10041,'THU','09:00:00','12:00:00'),
    (100414,10041,'FRI','09:00:00','12:00:00'),
    (100420,10042,'MON','12:00:00','15:00:00'),
    (100421,10042,'TUE','12:00:00','15:00:00'),
    (100422,10042,'WED','12:00:00','15:00:00'),
    (100423,10042,'THU','12:00:00','15:00:00'),
    (100424,10042,'FRI','12:00:00','15:00:00'),
    (100430,10043,'MON','15:00:00','18:00:00'),
    (100431,10043,'TUE','15:00:00','18:00:00'),
    (100432,10043,'WED','15:00:00','18:00:00'),
    (100433,10043,'THU','15:00:00','18:00:00'),
    (100434,10043,'FRI','15:00:00','18:00:00'),
    (100440,10044,'MON','15:00:00','18:00:00'),
    (100441,10044,'TUE','15:00:00','18:00:00'),
    (100442,10044,'WED','15:00:00','18:00:00'),
    (100443,10044,'THU','15:00:00','18:00:00'),
    (100444,10044,'FRI','15:00:00','18:00:00'),
    (100450,10045,'MON','15:00:00','18:00:00'),
    (100451,10045,'TUE','15:00:00','18:00:00'),
    (100452,10045,'WED','15:00:00','18:00:00'),
    (100453,10045,'THU','15:00:00','18:00:00'),
    (100454,10045,'FRI','15:00:00','18:00:00'),
    (100460,10046,'MON','09:00:00','12:00:00'),
    (100461,10046,'TUE','09:00:00','12:00:00'),
    (100462,10046,'WED','09:00:00','12:00:00'),
    (100463,10046,'THU','09:00:00','12:00:00'),
    (100464,10046,'FRI','09:00:00','12:00:00'),
    (100470,10047,'MON','12:00:00','15:00:00'),
    (100471,10047,'TUE','12:00:00','15:00:00'),
    (100472,10047,'WED','12:00:00','15:00:00'),
    (100473,10047,'THU','12:00:00','15:00:00'),
    (100474,10047,'FRI','12:00:00','15:00:00'),
    (100480,10048,'MON','09:00:00','12:00:00'),
    (100481,10048,'TUE','09:00:00','12:00:00'),
    (100482,10048,'WED','09:00:00','12:00:00'),
    (100483,10048,'THU','09:00:00','12:00:00'),
    (100484,10048,'FRI','09:00:00','12:00:00'),
    (100490,10049,'MON','09:00:00','12:00:00'),
    (100491,10049,'TUE','09:00:00','12:00:00'),
    (100492,10049,'WED','09:00:00','12:00:00'),
    (100493,10049,'THU','09:00:00','12:00:00'),
    (100494,10049,'FRI','09:00:00','12:00:00'),
    (100500,10050,'MON','12:00:00','15:00:00'),
    (100501,10050,'TUE','12:00:00','15:00:00'),
    (100502,10050,'WED','12:00:00','15:00:00'),
    (100503,10050,'THU','12:00:00','15:00:00'),
    (100504,10050,'FRI','12:00:00','15:00:00'),
    (100520,10052,'MON','09:00:00','12:00:00'),
    (100521,10052,'TUE','09:00:00','12:00:00'),
    (100522,10052,'WED','09:00:00','12:00:00'),
    (100523,10052,'THU','09:00:00','12:00:00'),
    (100524,10052,'FRI','09:00:00','12:00:00'),
    (100530,10053,'THU','11:00:00','13:00:00'),
    (100531,10053,'FRI','11:00:00','13:00:00'),
    (100540,10054,'THU','14:00:00','16:00:00'),
    (100541,10054,'FRI','14:00:00','16:00:00'),
    (100550,10055,'MON','14:00:00','18:00:00'),
    (100560,10056,'WED','14:00:00','18:00:00'),
    (100570,10057,'TUE','09:00:00','13:00:00'),
    (100580,10058,'THU','14:00:00','16:00:00'),
    (100581,10058,'FRI','14:00:00','16:00:00'),
    (100590,10059,'THU','16:00:00','18:00:00'),
    (100591,10059,'FRI','16:00:00','18:00:00'),
    (100600,10060,'TUE','14:00:00','18:00:00'),
    (100610,10061,'MON','10:00:00','12:00:00'),
    (100611,10061,'TUE','10:00:00','12:00:00'),
    (100630,10063,'MON','11:00:00','13:00:00'),
    (100631,10063,'TUE','11:00:00','13:00:00'),
    (100650,10065,'THU','09:00:00','11:00:00'),
    (100651,10065,'FRI','09:00:00','11:00:00'),
    (100660,10066,'THU','11:00:00','13:00:00'),
    (100661,10066,'FRI','11:00:00','13:00:00'),
    (100670,10067,'MON','09:00:00','13:00:00'),
    (100680,10068,'TUE','09:00:00','13:00:00'),
    (100690,10069,'MON','14:00:00','16:00:00'),
    (100691,10069,'TUE','14:00:00','16:00:00'),
    (100700,10070,'WED','14:00:00','18:00:00'),
    (100710,10071,'MON','16:00:00','18:00:00'),
    (100711,10071,'TUE','16:00:00','18:00:00'),
    (100730,10073,'THU','11:00:00','13:00:00'),
    (100731,10073,'FRI','11:00:00','13:00:00'),
    (100740,10074,'THU','09:00:00','13:00:00'),
    (100750,10075,'THU','14:00:00','16:00:00'),
    (100751,10075,'FRI','16:00:00','18:00:00'),
    (100760,10076,'THU','16:00:00','18:00:00'),
    (100761,10076,'FRI','14:00:00','16:00:00'),
    (100770,10077,'TUE','14:00:00','18:00:00'),
    (100790,10079,'FRI','09:00:00','13:00:00'),
    (100800,10080,'FRI','14:00:00','18:00:00'),
    (100810,10081,'WED','09:00:00','13:00:00'),
    (100820,10082,'WED','14:00:00','18:00:00'),
    (100830,10083,'MON','09:00:00','11:00:00'),
    (100831,10083,'TUE','09:00:00','11:00:00'),
    (100840,10084,'MON','11:00:00','13:00:00'),
    (100841,10084,'TUE','11:00:00','13:00:00'),
    (100850,10085,'FRI','14:00:00','18:00:00'),
    (100860,10086,'THU','09:00:00','11:00:00'),
    (100861,10086,'FRI','09:00:00','11:00:00'),
    (100870,10087,'WED','09:00:00','13:00:00'),
    (100880,10088,'MON','14:00:00','18:00:00'),
    (100900,10090,'WED','13:00:00','16:00:00'),
    (100910,10091,'MON','11:00:00','12:00:00'),
    (100911,10091,'TUE','10:00:00','12:00:00'),
    (100920,10092,'MON','14:00:00','15:00:00'),
    (100921,10092,'TUE','13:00:00','15:00:00'),
    (100930,10093,'MON','11:00:00','12:00:00'),
    (100931,10093,'TUE','10:00:00','12:00:00'),
    (100940,10094,'MON','14:00:00','15:00:00'),
    (100941,10094,'TUE','13:00:00','15:00:00'),
    (100950,10095,'MON','17:00:00','18:00:00'),
    (100951,10095,'TUE','16:00:00','18:00:00'),
    (100970,10097,'WED','09:00:00','10:00:00'),
    (100971,10097,'FRI','09:00:00','11:00:00'),
    (100980,10098,'WED','10:00:00','11:00:00'),
    (100981,10098,'FRI','11:00:00','13:00:00'),
    (100990,10099,'MON','13:00:00','15:00:00'),
    (100991,10099,'TUE','14:00:00','15:00:00'),
    (101000,10100,'TUE','12:00:00','15:00:00'),
    (101020,10102,'MON','09:00:00','11:00:00'),
    (101021,10102,'TUE','09:00:00','10:00:00'),
    (101030,10103,'FRI','16:00:00','19:00:00'),
    (101040,10104,'TUE','09:00:00','12:00:00'),
    (101050,10105,'THU','09:00:00','12:00:00'),
    (101060,10106,'WED','09:00:00','12:00:00'),
    (101070,70001,'TUE','13:00:00','16:00:00'),
    (101080,70002,'MON','16:00:00','19:00:00')

;

-- ============================================
-- Curriculum (경영학과, 107개)
-- ============================================
INSERT INTO curriculum (curriculum_id, lecture_id, department_id, grade, requirement)
VALUES
    (789,10000,1,3,false),
    (790,10001,1,3,false),
    (791,10002,1,2,true),
    (792,10003,1,2,true),
    (793,10004,1,2,true),
    (794,10005,1,2,true),
    (795,10006,1,2,true),
    (796,10007,1,2,true),
    (798,10009,1,2,false),
    (799,10010,1,2,false),
    (800,10011,1,2,false),
    (802,10013,1,2,false),
    (803,10014,1,2,false),
    (804,10015,1,2,false),
    (805,10016,1,2,false),
    (806,10017,1,2,false),
    (807,10018,1,2,false),
    (809,10020,1,2,false),
    (810,10021,1,2,false),
    (811,10022,1,2,false),
    (812,10023,1,2,false),
    (813,10024,1,3,true),
    (814,10025,1,3,true),
    (815,10026,1,3,true),
    (816,10027,1,3,true),
    (817,10028,1,3,true),
    (818,10029,1,3,true),
    (819,10030,1,3,true),
    (821,10032,1,2,false),
    (822,10033,1,2,false),
    (823,10034,1,2,false),
    (824,10035,1,2,false),
    (826,10037,1,2,false),
    (827,10038,1,2,false),
    (828,10039,1,4,false),
    (829,10040,1,4,false),
    (830,10041,1,3,true),
    (831,10042,1,3,true),
    (832,10043,1,3,true),
    (833,10044,1,3,true),
    (834,10045,1,3,true),
    (835,10046,1,3,true),
    (836,10047,1,3,true),
    (837,10048,1,3,true),
    (838,10049,1,3,true),
    (839,10050,1,3,true),
    (841,10052,1,3,true),
    (842,10053,1,3,true),
    (843,10054,1,3,true),
    (844,10055,1,3,true),
    (845,10056,1,3,true),
    (846,10057,1,3,true),
    (847,10058,1,3,true),
    (848,10059,1,3,true),
    (849,10060,1,3,true),
    (850,10061,1,3,true),
    (852,10063,1,3,false),
    (853,10064,1,3,false),
    (854,10065,1,3,false),
    (855,10066,1,3,false),
    (856,10067,1,3,false),
    (857,10068,1,3,false),
    (858,10069,1,3,false),
    (859,10070,1,3,false),
    (860,10071,1,3,false),
    (862,10073,1,3,false),
    (863,10074,1,3,false),
    (864,10075,1,3,false),
    (865,10076,1,3,false),
    (866,10077,1,3,false),
    (868,10079,1,3,false),
    (869,10080,1,3,false),
    (870,10081,1,3,false),
    (871,10082,1,3,false),
    (872,10083,1,3,false),
    (873,10084,1,3,false),
    (874,10085,1,3,false),
    (875,10086,1,4,false),
    (876,10087,1,4,false),
    (877,10088,1,4,false),
    (878,10089,1,4,false),
    (879,10090,1,4,false),
    (880,10091,1,4,false),
    (881,10092,1,4,false),
    (882,10093,1,4,false),
    (883,10094,1,4,false),
    (884,10095,1,4,false),
    (886,10097,1,4,false),
    (887,10098,1,4,false),
    (888,10099,1,4,false),
    (889,10100,1,4,false),
    (891,10102,1,4,false),
    (892,10103,1,4,false),
    (893,10104,1,4,false),
    (894,10105,1,4,false),
    (895,10106,1,4,false),
    (896,70001,1,1,true),
    (897,70002,1,1,true);

-- ==============================================================================


-- ============================================
-- 1. Lecture Group 추가 (과목명 수식어 제거)
-- ============================================
INSERT INTO lecture_group (lecture_group_id, lecture_group_name)
VALUES
    (33, 'AI 중심세상');

-- ============================================
-- 2. Lecture 추가 (총 18개 분반)
-- ============================================
INSERT INTO lecture
(
    lecture_id, lecture_name, credit, course_classification, liberal_category,
    semester, lecture_year, grade, classroom, professor, course_code, lecture_group_id
)
VALUES
    (80001, 'AI 중심세상 (실시간화상강의)', 2, 'LIBERAL_REQUIREMENT', 'AI_BASIC', 2, 2026, 1, '화상강의강의실(가상)', null, '15290003', 33),
    (80002, 'AI 중심세상 (실시간화상강의)', 2, 'LIBERAL_REQUIREMENT', 'AI_BASIC', 2, 2026, 1, '화상강의강의실(가상)', null, '15290007', 33),
    (80003, 'AI 중심세상 (실시간화상강의)', 2, 'LIBERAL_REQUIREMENT', 'AI_BASIC', 2, 2026, 1, '화상강의강의실(가상)', null, '15290008', 33),
    (80004, 'AI 중심세상 (실시간화상강의)', 2, 'LIBERAL_REQUIREMENT', 'AI_BASIC', 2, 2026, 1, '화상강의강의실(가상)', '최재용', '15290010', 33),
    (80005, 'AI 중심세상 (실시간화상강의)', 2, 'LIBERAL_REQUIREMENT', 'AI_BASIC', 2, 2026, 1, '화상강의강의실(가상)', null, '15290012', 33),
    (80006, 'AI 중심세상 (실시간화상강의)', 2, 'LIBERAL_REQUIREMENT', 'AI_BASIC', 2, 2026, 1, '화상강의강의실(가상)', '전승호', '15290013', 33),
    (80007, 'AI 중심세상 (실시간화상강의)', 2, 'LIBERAL_REQUIREMENT', 'AI_BASIC', 2, 2026, 1, '화상강의강의실(가상)', null, '15290014', 33),
    (80008, 'AI 중심세상 (실시간화상강의)', 2, 'LIBERAL_REQUIREMENT', 'AI_BASIC', 2, 2026, 1, '화상강의강의실(가상)', null, '15290016', 33),
    (80009, 'AI 중심세상 (실시간화상강의)', 2, 'LIBERAL_REQUIREMENT', 'AI_BASIC', 2, 2026, 1, '화상강의강의실(가상)', null, '15290019', 33),
    (80010, 'AI 중심세상 (실시간화상강의)', 2, 'LIBERAL_REQUIREMENT', 'AI_BASIC', 2, 2026, 1, '화상강의강의실(가상)', '이정훈', '15290021', 33),
    (80011, 'AI 중심세상 (실시간화상강의)', 2, 'LIBERAL_REQUIREMENT', 'AI_BASIC', 2, 2026, 1, '화상강의강의실(가상)', null, '15290025', 33),
    (80012, 'AI 중심세상 (실시간화상강의)', 2, 'LIBERAL_REQUIREMENT', 'AI_BASIC', 2, 2026, 1, '화상강의강의실(가상)', null, '15290026', 33),
    (80013, 'AI 중심세상 (실시간화상강의)', 2, 'LIBERAL_REQUIREMENT', 'AI_BASIC', 2, 2026, 1, '화상강의강의실(가상)', '이주형', '15290030', 33),
    (80014, 'AI 중심세상 (실시간화상강의)', 2, 'LIBERAL_REQUIREMENT', 'AI_BASIC', 2, 2026, 1, '화상강의강의실(가상)', null, '15290033', 33),
    (80015, 'AI 중심세상 (실시간화상강의)', 2, 'LIBERAL_REQUIREMENT', 'AI_BASIC', 2, 2026, 1, '화상강의강의실(가상)', '김태규', '15290038', 33),
    (80016, 'AI 중심세상 (실시간화상강의)', 2, 'LIBERAL_REQUIREMENT', 'AI_BASIC', 2, 2026, 1, '화상강의강의실(가상)', null, '15290039', 33),
    (80017, 'AI 중심세상 (실시간화상강의)', 2, 'LIBERAL_REQUIREMENT', 'AI_BASIC', 2, 2026, 1, '화상강의강의실(가상)', null, '15290041', 33),
    (80018, 'AI 중심세상 (실시간화상강의)', 2, 'LIBERAL_REQUIREMENT', 'AI_BASIC', 2, 2026, 1, '화상강의강의실(가상)', null, '15290042', 33);

-- ============================================
-- 3. Lecture Schedule 추가 (교시 -> 표준 시간 변환)
-- 1,2교시: 09:00~11:00 / 3,4교시: 11:00~13:00
-- 5,6교시: 13:00~15:00 / 7,8교시: 15:00~17:00
-- ============================================
INSERT INTO lecture_schedule (lecture_schedule_id, lecture_id, day_of_week, start_time, end_time)
VALUES
    (200000, 80001, 'THU', '09:00:00', '11:00:00'), -- 목1, 목2
    (200001, 80002, 'THU', '15:00:00', '17:00:00'), -- 목7, 목8
    (200002, 80003, 'FRI', '09:00:00', '11:00:00'), -- 금1, 금2
    (200003, 80004, 'FRI', '11:00:00', '13:00:00'), -- 금3, 금4
    (200004, 80005, 'MON', '15:00:00', '17:00:00'), -- 월7, 월8
    (200005, 80006, 'FRI', '11:00:00', '13:00:00'), -- 금3, 금4
    (200006, 80007, 'TUE', '09:00:00', '11:00:00'), -- 화1, 화2
    (200007, 80008, 'WED', '15:00:00', '17:00:00'), -- 수7, 수8
    (200008, 80009, 'THU', '15:00:00', '17:00:00'), -- 목7, 목8
    (200009, 80010, 'THU', '13:00:00', '15:00:00'), -- 목5, 목6
    (200010, 80011, 'MON', '15:00:00', '17:00:00'), -- 월7, 월8
    (200011, 80012, 'FRI', '09:00:00', '11:00:00'), -- 금1, 금2
    (200012, 80013, 'TUE', '15:00:00', '17:00:00'), -- 화7, 화8
    (200013, 80014, 'MON', '09:00:00', '11:00:00'), -- 월1, 월2
    (200014, 80015, 'TUE', '15:00:00', '17:00:00'), -- 화7, 화8
    (200015, 80016, 'THU', '13:00:00', '15:00:00'), -- 목5, 목6
    (200016, 80017, 'THU', '15:00:00', '17:00:00'), -- 목7, 목8
    (200017, 80018, 'FRI', '11:00:00', '13:00:00'); -- 금3, 금4

-- ============================================
-- 4. Curriculum 추가 (경영학과=1, 컴퓨터공학과=2 공통 필수 반영)
-- ============================================
INSERT INTO curriculum (curriculum_id, lecture_id, department_id, grade, requirement)
VALUES
    -- [경영학과 (department_id = 1)]
    (898, 80001, 1, 1, true),
    (899, 80002, 1, 1, true),
    (900, 80003, 1, 1, true),
    (901, 80004, 1, 1, true),
    (902, 80005, 1, 1, true),
    (903, 80006, 1, 1, true),
    (904, 80007, 1, 1, true),
    (905, 80008, 1, 1, true),
    (906, 80009, 1, 1, true),
    (907, 80010, 1, 1, true),
    (908, 80011, 1, 1, true),
    (909, 80012, 1, 1, true),
    (910, 80013, 1, 1, true),
    (911, 80014, 1, 1, true),
    (912, 80015, 1, 1, true),
    (913, 80016, 1, 1, true),
    (914, 80017, 1, 1, true),
    (915, 80018, 1, 1, true),

    -- [컴퓨터공학과 (department_id = 2)]
    (916, 80001, 2, 1, true),
    (917, 80002, 2, 1, true),
    (918, 80003, 2, 1, true),
    (919, 80004, 2, 1, true),
    (920, 80005, 2, 1, true),
    (921, 80006, 2, 1, true),
    (922, 80007, 2, 1, true),
    (923, 80008, 2, 1, true),
    (924, 80009, 2, 1, true),
    (925, 80010, 2, 1, true),
    (926, 80011, 2, 1, true),
    (927, 80012, 2, 1, true),
    (928, 80013, 2, 1, true),
    (929, 80014, 2, 1, true),
    (930, 80015, 2, 1, true),
    (931, 80016, 2, 1, true),
    (932, 80017, 2, 1, true),
    (933, 80018, 2, 1, true);



-- =====================================================================================



-- ============================================
-- 1. Lecture Group 추가
-- ============================================
INSERT INTO lecture_group (lecture_group_id, lecture_group_name)
VALUES
    (34, 'College English 2');

-- ============================================
-- 2. Lecture 추가 (총 36개 분반)
-- ============================================
INSERT INTO lecture
(
    lecture_id, lecture_name, credit, course_classification, liberal_category,
    semester, lecture_year, grade, classroom, professor, course_code, lecture_group_id
)
VALUES
    (80019, 'College English 2', 2, 'LIBERAL_REQUIREMENT', 'COMMUNICATION', 2, 2026, 1, '글로벌센터-301', 'Hannah Yoo', '13530001', 34),
    (80020, 'College English 2', 2, 'LIBERAL_REQUIREMENT', 'COMMUNICATION', 2, 2026, 1, '글로벌센터-104', 'Dwaine Charles Tinling', '13530002', 34),
    (80021, 'College English 2', 2, 'LIBERAL_REQUIREMENT', 'COMMUNICATION', 2, 2026, 1, '글로벌센터-111', 'Brandon Magnuson', '13530003', 34),
    (80022, 'College English 2', 2, 'LIBERAL_REQUIREMENT', 'COMMUNICATION', 2, 2026, 1, '글로벌센터-302', 'Scott Wayne Kines', '13530004', 34),
    (80023, 'College English 2', 2, 'LIBERAL_REQUIREMENT', 'COMMUNICATION', 2, 2026, 1, '글로벌센터-308', 'Joseph E. Tetrick', '13530005', 34),
    (80024, 'College English 2', 2, 'LIBERAL_REQUIREMENT', 'COMMUNICATION', 2, 2026, 1, '글로벌센터-103', 'Patrick T. Artz', '13530006', 34),
    (80025, 'College English 2', 2, 'LIBERAL_REQUIREMENT', 'COMMUNICATION', 2, 2026, 1, '글로벌센터-103', '박현아', '13530007', 34),
    (80026, 'College English 2', 2, 'LIBERAL_REQUIREMENT', 'COMMUNICATION', 2, 2026, 1, '글로벌센터-103', 'Patrick T. Artz', '13530008', 34),
    (80027, 'College English 2', 2, 'LIBERAL_REQUIREMENT', 'COMMUNICATION', 2, 2026, 1, '글로벌센터-207', 'Rachel Lynn Stotts', '13530010', 34),
    (80028, 'College English 2', 2, 'LIBERAL_REQUIREMENT', 'COMMUNICATION', 2, 2026, 1, '글로벌센터-104', 'Dwaine Charles Tinling', '13530011', 34),
    (80029, 'College English 2', 2, 'LIBERAL_REQUIREMENT', 'COMMUNICATION', 2, 2026, 1, '글로벌센터-105', 'Lawrence Minton', '13530012', 34),
    (80030, 'College English 2', 2, 'LIBERAL_REQUIREMENT', 'COMMUNICATION', 2, 2026, 1, '글로벌센터-301', 'Darren Yakey', '13530013', 34),
    (80031, 'College English 2', 2, 'LIBERAL_REQUIREMENT', 'COMMUNICATION', 2, 2026, 1, '글로벌센터-112', 'Dean Ronald Jorgensen', '13530014', 34),
    (80032, 'College English 2', 2, 'LIBERAL_REQUIREMENT', 'COMMUNICATION', 2, 2026, 1, '글로벌센터-103', '박현아', '13530015', 34),
    (80033, 'College English 2', 2, 'LIBERAL_REQUIREMENT', 'COMMUNICATION', 2, 2026, 1, '글로벌센터-305', 'Lawrence Minton', '13530016', 34),
    (80034, 'College English 2', 2, 'LIBERAL_REQUIREMENT', 'COMMUNICATION', 2, 2026, 1, '글로벌센터-308', 'Wendy Marie Alexander', '13530017', 34),
    (80035, 'College English 2', 2, 'LIBERAL_REQUIREMENT', 'COMMUNICATION', 2, 2026, 1, '글로벌센터-206', 'Jude Zacchaeus Wilson', '13530018', 34),
    (80036, 'College English 2', 2, 'LIBERAL_REQUIREMENT', 'COMMUNICATION', 2, 2026, 1, '글로벌센터-105', 'WILLIAMS JOHN LINCOLN', '13530019', 34),
    (80037, 'College English 2', 2, 'LIBERAL_REQUIREMENT', 'COMMUNICATION', 2, 2026, 1, '글로벌센터-104', 'Dwaine Charles Tinling', '13530020', 34),
    (80038, 'College English 2', 2, 'LIBERAL_REQUIREMENT', 'COMMUNICATION', 2, 2026, 1, '글로벌센터-206', 'Jude Zacchaeus Wilson', '13530021', 34),
    (80039, 'College English 2', 2, 'LIBERAL_REQUIREMENT', 'COMMUNICATION', 2, 2026, 1, '글로벌센터-104', 'Dwaine Charles Tinling', '13530022', 34),
    (80040, 'College English 2', 2, 'LIBERAL_REQUIREMENT', 'COMMUNICATION', 2, 2026, 1, '글로벌센터-206', 'Anthony Bale', '13530023', 34),
    (80041, 'College English 2', 2, 'LIBERAL_REQUIREMENT', 'COMMUNICATION', 2, 2026, 1, '글로벌센터-103', '박현아', '13530024', 34),
    (80042, 'College English 2', 2, 'LIBERAL_REQUIREMENT', 'COMMUNICATION', 2, 2026, 1, '글로벌센터-105', 'WILLIAMS JOHN LINCOLN', '13530026', 34),
    (80043, 'College English 2', 2, 'LIBERAL_REQUIREMENT', 'COMMUNICATION', 2, 2026, 1, '글로벌센터-111', 'Brandon Magnuson', '13530027', 34),
    (80044, 'College English 2', 2, 'LIBERAL_REQUIREMENT', 'COMMUNICATION', 2, 2026, 1, '글로벌센터-105', 'WILLIAMS JOHN LINCOLN', '13530028', 34),
    (80045, 'College English 2', 2, 'LIBERAL_REQUIREMENT', 'COMMUNICATION', 2, 2026, 1, '글로벌센터-103', '박현아', '13530029', 34),
    (80046, 'College English 2', 2, 'LIBERAL_REQUIREMENT', 'COMMUNICATION', 2, 2026, 1, '글로벌센터-103', 'Patrick T. Artz', '13530030', 34),
    (80047, 'College English 2', 2, 'LIBERAL_REQUIREMENT', 'COMMUNICATION', 2, 2026, 1, '글로벌센터-112', 'Amy Redding', '13530031', 34),
    (80048, 'College English 2', 2, 'LIBERAL_REQUIREMENT', 'COMMUNICATION', 2, 2026, 1, '글로벌센터-105', 'WILLIAMS JOHN LINCOLN', '13530032', 34),
    (80049, 'College English 2', 2, 'LIBERAL_REQUIREMENT', 'COMMUNICATION', 2, 2026, 1, '글로벌센터-111', 'Brandon Magnuson', '13530033', 34),
    (80050, 'College English 2', 2, 'LIBERAL_REQUIREMENT', 'COMMUNICATION', 2, 2026, 1, '글로벌센터-206', 'Anthony Bale', '13530034', 34),
    (80051, 'College English 2', 2, 'LIBERAL_REQUIREMENT', 'COMMUNICATION', 2, 2026, 1, '글로벌센터-111', 'Christian Vago', '13530035', 34),
    (80052, 'College English 2', 2, 'LIBERAL_REQUIREMENT', 'COMMUNICATION', 2, 2026, 1, '글로벌센터-206', 'Jude Zacchaeus Wilson', '13530038', 34),
    (80053, 'College English 2', 2, 'LIBERAL_REQUIREMENT', 'COMMUNICATION', 2, 2026, 1, '글로벌센터-111', 'Brandon Magnuson', '13530039', 34),
    (80054, 'College English 2', 2, 'LIBERAL_REQUIREMENT', 'COMMUNICATION', 2, 2026, 1, '글로벌센터-103', '박현아', '13530040', 34);

-- ============================================
-- 3. Lecture Schedule 추가 (표준 시간 변환)
-- ============================================
INSERT INTO lecture_schedule (lecture_schedule_id, lecture_id, day_of_week, start_time, end_time)
VALUES
    (200018, 80019, 'THU', '09:00:00', '11:00:00'), -- 목1, 목2
    (200019, 80020, 'FRI', '15:00:00', '17:00:00'), -- 금7, 금8
    (200020, 80021, 'MON', '11:00:00', '13:00:00'), -- 월3, 월4
    (200021, 80022, 'FRI', '13:00:00', '15:00:00'), -- 금5, 금6
    (200022, 80023, 'WED', '15:00:00', '17:00:00'), -- 수7, 수8
    (200023, 80024, 'WED', '09:00:00', '11:00:00'), -- 수1, 수2
    (200024, 80025, 'THU', '13:00:00', '15:00:00'), -- 목5, 목6
    (200025, 80026, 'FRI', '11:00:00', '13:00:00'), -- 금3, 금4
    (200026, 80027, 'MON', '11:00:00', '13:00:00'), -- 월3, 월4
    (200027, 80028, 'TUE', '11:00:00', '13:00:00'), -- 화3, 화4
    (200028, 80029, 'MON', '13:00:00', '15:00:00'), -- 월5, 월6
    (200029, 80030, 'MON', '13:00:00', '15:00:00'), -- 월5, 월6
    (200030, 80031, 'THU', '13:00:00', '15:00:00'), -- 목5, 목6
    (200031, 80032, 'MON', '15:00:00', '17:00:00'), -- 월7, 월8
    (200032, 80033, 'THU', '11:00:00', '13:00:00'), -- 목3, 목4
    (200033, 80034, 'THU', '11:00:00', '13:00:00'), -- 목3, 목4
    (200034, 80035, 'WED', '11:00:00', '13:00:00'), -- 수3, 수4
    (200035, 80036, 'WED', '11:00:00', '13:00:00'), -- 수3, 수4
    (200036, 80037, 'FRI', '13:00:00', '15:00:00'), -- 금5, 금6
    (200037, 80038, 'WED', '09:00:00', '11:00:00'), -- 수1, 수2
    (200038, 80039, 'TUE', '15:00:00', '17:00:00'), -- 화7, 화8
    (200039, 80040, 'TUE', '15:00:00', '17:00:00'), -- 화7, 화8
    (200040, 80041, 'TUE', '11:00:00', '13:00:00'), -- 화3, 화4
    (200041, 80042, 'THU', '11:00:00', '13:00:00'), -- 목3, 목4
    (200042, 80043, 'TUE', '09:00:00', '11:00:00'), -- 화1, 화2
    (200043, 80044, 'MON', '09:00:00', '11:00:00'), -- 월1, 월2
    (200044, 80045, 'WED', '15:00:00', '17:00:00'), -- 수7, 수8
    (200045, 80046, 'MON', '11:00:00', '13:00:00'), -- 월3, 월4
    (200046, 80047, 'MON', '13:00:00', '15:00:00'), -- 월5, 월6
    (200047, 80048, 'FRI', '09:00:00', '11:00:00'), -- 금1, 금2
    (200048, 80049, 'THU', '13:00:00', '15:00:00'), -- 목5, 목6
    (200049, 80050, 'MON', '15:00:00', '17:00:00'), -- 월7, 월8
    (200050, 80051, 'WED', '15:00:00', '17:00:00'), -- 수7, 수8
    (200051, 80052, 'TUE', '11:00:00', '13:00:00'), -- 화3, 화4
    (200052, 80053, 'WED', '11:00:00', '13:00:00'), -- 수3, 수4
    (200053, 80054, 'TUE', '15:00:00', '17:00:00'); -- 화7, 화8

-- ============================================
-- 4. Curriculum 추가 (경영학과=1, 컴퓨터공학과=2 공통 필수 반영)
-- ============================================
INSERT INTO curriculum (curriculum_id, lecture_id, department_id, grade, requirement)
VALUES
    -- [경영학과 (department_id = 1)]
    (934, 80019, 1, 1, true),
    (935, 80020, 1, 1, true),
    (936, 80021, 1, 1, true),
    (937, 80022, 1, 1, true),
    (938, 80023, 1, 1, true),
    (939, 80024, 1, 1, true),
    (940, 80025, 1, 1, true),
    (941, 80026, 1, 1, true),
    (942, 80027, 1, 1, true),
    (943, 80028, 1, 1, true),
    (944, 80029, 1, 1, true),
    (945, 80030, 1, 1, true),
    (946, 80031, 1, 1, true),
    (947, 80032, 1, 1, true),
    (948, 80033, 1, 1, true),
    (949, 80034, 1, 1, true),
    (950, 80035, 1, 1, true),
    (951, 80036, 1, 1, true),
    (952, 80037, 1, 1, true),
    (953, 80038, 1, 1, true),
    (954, 80039, 1, 1, true),
    (955, 80040, 1, 1, true),
    (956, 80041, 1, 1, true),
    (957, 80042, 1, 1, true),
    (958, 80043, 1, 1, true),
    (959, 80044, 1, 1, true),
    (960, 80045, 1, 1, true),
    (961, 80046, 1, 1, true),
    (962, 80047, 1, 1, true),
    (963, 80048, 1, 1, true),
    (964, 80049, 1, 1, true),
    (965, 80050, 1, 1, true),
    (966, 80051, 1, 1, true),
    (967, 80052, 1, 1, true),
    (968, 80053, 1, 1, true),
    (969, 80054, 1, 1, true),

    -- [컴퓨터공학과 (department_id = 2)]
    (970, 80019, 2, 1, true),
    (971, 80020, 2, 1, true),
    (972, 80021, 2, 1, true),
    (973, 80022, 2, 1, true),
    (974, 80023, 2, 1, true),
    (975, 80024, 2, 1, true),
    (976, 80025, 2, 1, true),
    (977, 80026, 2, 1, true),
    (978, 80027, 2, 1, true),
    (979, 80028, 2, 1, true),
    (980, 80029, 2, 1, true),
    (981, 80030, 2, 1, true),
    (982, 80031, 2, 1, true),
    (983, 80032, 2, 1, true),
    (984, 80033, 2, 1, true),
    (985, 80034, 2, 1, true),
    (986, 80035, 2, 1, true),
    (987, 80036, 2, 1, true),
    (988, 80037, 2, 1, true),
    (989, 80038, 2, 1, true),
    (990, 80039, 2, 1, true),
    (991, 80040, 2, 1, true),
    (992, 80041, 2, 1, true),
    (993, 80042, 2, 1, true),
    (994, 80043, 2, 1, true),
    (995, 80044, 2, 1, true),
    (996, 80045, 2, 1, true),
    (997, 80046, 2, 1, true),
    (998, 80047, 2, 1, true),
    (999, 80048, 2, 1, true),
    (1000, 80049, 2, 1, true),
    (1001, 80050, 2, 1, true),
    (1002, 80051, 2, 1, true),
    (1003, 80052, 2, 1, true),
    (1004, 80053, 2, 1, true),
    (1005, 80054, 2, 1, true);


-- ==========================================================================================
-- ============================================
-- 1. Lecture 추가 (총 52개 분반)
-- ============================================
INSERT INTO lecture
(
    lecture_id, lecture_name, credit, course_classification, liberal_category,
    semester, lecture_year, grade, classroom, professor, course_code, lecture_group_id
)
VALUES
    (80055, 'College English 2', 2, 'LIBERAL_REQUIREMENT', 'COMMUNICATION', 2, 2026, 1, '글로벌센터-111', 'Christian Vago', '13530041', 34),
    (80056, 'College English 2', 2, 'LIBERAL_REQUIREMENT', 'COMMUNICATION', 2, 2026, 1, '글로벌센터-303', 'David Webster', '13530042', 34),
    (80057, 'College English 2', 2, 'LIBERAL_REQUIREMENT', 'COMMUNICATION', 2, 2026, 1, '글로벌센터-103', '박현아', '13530043', 34),
    (80058, 'College English 2', 2, 'LIBERAL_REQUIREMENT', 'COMMUNICATION', 2, 2026, 1, '글로벌센터-105', 'WILLIAMS JOHN LINCOLN', '13530044', 34),
    (80059, 'College English 2', 2, 'LIBERAL_REQUIREMENT', 'COMMUNICATION', 2, 2026, 1, '글로벌센터-104', 'Dwaine Charles Tinling', '13530045', 34),
    (80060, 'College English 2', 2, 'LIBERAL_REQUIREMENT', 'COMMUNICATION', 2, 2026, 1, '글로벌센터-111', 'Christian Vago', '13530046', 34),
    (80061, 'College English 2', 2, 'LIBERAL_REQUIREMENT', 'COMMUNICATION', 2, 2026, 1, '글로벌센터-303', 'David Webster', '13530047', 34),
    (80062, 'College English 2', 2, 'LIBERAL_REQUIREMENT', 'COMMUNICATION', 2, 2026, 1, '글로벌센터-206', 'Anthony Bale', '13530048', 34),
    (80063, 'College English 2', 2, 'LIBERAL_REQUIREMENT', 'COMMUNICATION', 2, 2026, 1, '글로벌센터-301', 'Jude Zacchaeus Wilson', '13530049', 34),
    (80064, 'College English 2', 2, 'LIBERAL_REQUIREMENT', 'COMMUNICATION', 2, 2026, 1, '글로벌센터-111', 'Brandon Magnuson', '13530050', 34),
    (80065, 'College English 2', 2, 'LIBERAL_REQUIREMENT', 'COMMUNICATION', 2, 2026, 1, '글로벌센터-206', 'Anthony Bale', '13530053', 34),
    (80066, 'College English 2', 2, 'LIBERAL_REQUIREMENT', 'COMMUNICATION', 2, 2026, 1, '글로벌센터-105', 'WILLIAMS JOHN LINCOLN', '13530054', 34),
    (80067, 'College English 2', 2, 'LIBERAL_REQUIREMENT', 'COMMUNICATION', 2, 2026, 1, '글로벌센터-304', 'Darren Yakey', '13530055', 34),
    (80068, 'College English 2', 2, 'LIBERAL_REQUIREMENT', 'COMMUNICATION', 2, 2026, 1, '글로벌센터-112', 'Dean Ronald Jorgensen', '13530056', 34),
    (80069, 'College English 2', 2, 'LIBERAL_REQUIREMENT', 'COMMUNICATION', 2, 2026, 1, '글로벌센터-105', 'WILLIAMS JOHN LINCOLN', '13530057', 34),
    (80070, 'College English 2', 2, 'LIBERAL_REQUIREMENT', 'COMMUNICATION', 2, 2026, 1, '글로벌센터-305', 'Lawrence Minton', '13530058', 34),
    (80071, 'College English 2', 2, 'LIBERAL_REQUIREMENT', 'COMMUNICATION', 2, 2026, 1, '글로벌센터-310', 'Kevin John Leeder', '13530059', 34),
    (80072, 'College English 2', 2, 'LIBERAL_REQUIREMENT', 'COMMUNICATION', 2, 2026, 1, '글로벌센터-111', 'Brandon Magnuson', '13530060', 34),
    (80073, 'College English 2', 2, 'LIBERAL_REQUIREMENT', 'COMMUNICATION', 2, 2026, 1, '글로벌센터-305', 'Lawrence Minton', '13530061', 34),
    (80074, 'College English 2', 2, 'LIBERAL_REQUIREMENT', 'COMMUNICATION', 2, 2026, 1, '글로벌센터-306', 'BUSA JI H', '13530062', 34),
    (80075, 'College English 2', 2, 'LIBERAL_REQUIREMENT', 'COMMUNICATION', 2, 2026, 1, '글로벌센터-308', 'Wendy Marie Alexander', '13530063', 34),
    (80076, 'College English 2', 2, 'LIBERAL_REQUIREMENT', 'COMMUNICATION', 2, 2026, 1, '글로벌센터-310', 'Kevin John Leeder', '13530064', 34),
    (80077, 'College English 2', 2, 'LIBERAL_REQUIREMENT', 'COMMUNICATION', 2, 2026, 1, '글로벌센터-103', 'Patrick T. Artz', '13530065', 34),
    (80078, 'College English 2', 2, 'LIBERAL_REQUIREMENT', 'COMMUNICATION', 2, 2026, 1, '글로벌센터-105', 'WILLIAMS JOHN LINCOLN', '13530066', 34),
    (80079, 'College English 2', 2, 'LIBERAL_REQUIREMENT', 'COMMUNICATION', 2, 2026, 1, '글로벌센터-207', 'Rachel Lynn Stotts', '13530067', 34),
    (80080, 'College English 2', 2, 'LIBERAL_REQUIREMENT', 'COMMUNICATION', 2, 2026, 1, '글로벌센터-303', 'Angelo Apostolakis', '13530068', 34),
    (80081, 'College English 2', 2, 'LIBERAL_REQUIREMENT', 'COMMUNICATION', 2, 2026, 1, '글로벌센터-304', 'Darren Yakey', '13530069', 34),
    (80082, 'College English 2', 2, 'LIBERAL_REQUIREMENT', 'COMMUNICATION', 2, 2026, 1, '글로벌센터-306', 'BUSA JI H', '13530070', 34),
    (80083, 'College English 2', 2, 'LIBERAL_REQUIREMENT', 'COMMUNICATION', 2, 2026, 1, '글로벌센터-301', 'Hannah Yoo', '13530071', 34),
    (80084, 'College English 2', 2, 'LIBERAL_REQUIREMENT', 'COMMUNICATION', 2, 2026, 1, '글로벌센터-306', 'Kevin John Leeder', '13530072', 34),
    (80085, 'College English 2', 2, 'LIBERAL_REQUIREMENT', 'COMMUNICATION', 2, 2026, 1, '글로벌센터-207', 'Rachel Lynn Stotts', '13530078', 34),
    (80086, 'College English 2', 2, 'LIBERAL_REQUIREMENT', 'COMMUNICATION', 2, 2026, 1, '글로벌센터-302', 'Scott Wayne Kines', '13530079', 34),
    (80087, 'College English 2', 2, 'LIBERAL_REQUIREMENT', 'COMMUNICATION', 2, 2026, 1, '글로벌센터-305', 'Lawrence Minton', '13530080', 34),
    (80088, 'College English 2', 2, 'LIBERAL_REQUIREMENT', 'COMMUNICATION', 2, 2026, 1, '글로벌센터-307', 'Amy Redding', '13530081', 34),
    (80089, 'College English 2', 2, 'LIBERAL_REQUIREMENT', 'COMMUNICATION', 2, 2026, 1, '글로벌센터-308', 'Wendy Marie Alexander', '13530082', 34),
    (80090, 'College English 2', 2, 'LIBERAL_REQUIREMENT', 'COMMUNICATION', 2, 2026, 1, '글로벌센터-310', 'Kevin John Leeder', '13530083', 34),
    (80091, 'College English 2', 2, 'LIBERAL_REQUIREMENT', 'COMMUNICATION', 2, 2026, 1, '글로벌센터-103', '박현아', '13530084', 34),
    (80092, 'College English 2', 2, 'LIBERAL_REQUIREMENT', 'COMMUNICATION', 2, 2026, 1, '글로벌센터-305', '유정윤', '13530085', 34),
    (80093, 'College English 2', 2, 'LIBERAL_REQUIREMENT', 'COMMUNICATION', 2, 2026, 1, '글로벌센터-308', 'Joseph E. Tetrick', '13530086', 34),
    (80094, 'College English 2', 2, 'LIBERAL_REQUIREMENT', 'COMMUNICATION', 2, 2026, 1, '글로벌센터-309', 'James Edmund Pullen', '13530087', 34),
    (80095, 'College English 2', 2, 'LIBERAL_REQUIREMENT', 'COMMUNICATION', 2, 2026, 1, '글로벌센터-112', 'Brandon Magnuson', '13530088', 34),
    (80096, 'College English 2', 2, 'LIBERAL_REQUIREMENT', 'COMMUNICATION', 2, 2026, 1, '글로벌센터-308', 'Joseph E. Tetrick', '13530089', 34),
    (80097, 'College English 2', 2, 'LIBERAL_REQUIREMENT', 'COMMUNICATION', 2, 2026, 1, '글로벌센터-308', 'Joseph E. Tetrick', '13530090', 34),
    (80098, 'College English 2', 2, 'LIBERAL_REQUIREMENT', 'COMMUNICATION', 2, 2026, 1, null, 'James Edmund Pullen', '13530091', 34),
    (80099, 'College English 2', 2, 'LIBERAL_REQUIREMENT', 'COMMUNICATION', 2, 2026, 1, '글로벌센터-206', 'Anthony Bale', '13530092', 34),
    (80100, 'College English 2', 2, 'LIBERAL_REQUIREMENT', 'COMMUNICATION', 2, 2026, 1, '글로벌센터-303', 'David Webster', '13530093', 34),
    (80101, 'College English 2', 2, 'LIBERAL_REQUIREMENT', 'COMMUNICATION', 2, 2026, 1, '글로벌센터-112', 'Brandon Magnuson', '13530094', 34),
    (80102, 'College English 2', 2, 'LIBERAL_REQUIREMENT', 'COMMUNICATION', 2, 2026, 1, '글로벌센터-309', 'James Edmund Pullen', '13530095', 34),
    (80103, 'College English 2', 2, 'LIBERAL_REQUIREMENT', 'COMMUNICATION', 2, 2026, 1, '글로벌센터-302', 'Scott Wayne Kines', '13530097', 34),
    (80104, 'College English 2', 2, 'LIBERAL_REQUIREMENT', 'COMMUNICATION', 2, 2026, 1, '글로벌센터-309', 'James Edmund Pullen', '13530098', 34),
    (80105, 'College English 2', 2, 'LIBERAL_REQUIREMENT', 'COMMUNICATION', 2, 2026, 1, '글로벌센터-104', 'Dwaine Charles Tinling', '13530099', 34),
    (80106, 'College English 2', 2, 'LIBERAL_REQUIREMENT', 'COMMUNICATION', 2, 2026, 1, '글로벌센터-207', 'Rachel Lynn Stotts', '13530100', 34);

-- ============================================
-- 2. Lecture Schedule 추가 (표준 시간 변환)
-- ============================================
INSERT INTO lecture_schedule (lecture_schedule_id, lecture_id, day_of_week, start_time, end_time)
VALUES
    (200054, 80055, 'MON', '13:00:00', '15:00:00'), -- 월5, 월6
    (200055, 80056, 'MON', '13:00:00', '15:00:00'), -- 월5, 월6
    (200056, 80057, 'TUE', '13:00:00', '15:00:00'), -- 화5, 화6
    (200057, 80058, 'FRI', '13:00:00', '15:00:00'), -- 금5, 금6
    (200058, 80059, 'WED', '13:00:00', '15:00:00'), -- 수5, 수6
    (200059, 80060, 'MON', '15:00:00', '17:00:00'), -- 월7, 월8
    (200060, 80061, 'MON', '15:00:00', '17:00:00'), -- 월7, 월8
    (200061, 80062, 'FRI', '15:00:00', '17:00:00'), -- 금7, 금8
    (200062, 80063, 'TUE', '13:00:00', '15:00:00'), -- 화5, 화6
    (200063, 80064, 'WED', '09:00:00', '11:00:00'), -- 수1, 수2
    (200064, 80065, 'FRI', '13:00:00', '15:00:00'), -- 금5, 금6
    (200065, 80066, 'THU', '09:00:00', '11:00:00'), -- 목1, 목2
    (200066, 80067, 'FRI', '11:00:00', '13:00:00'), -- 금3, 금4
    (200067, 80068, 'WED', '09:00:00', '11:00:00'), -- 수1, 수2
    (200068, 80069, 'WED', '09:00:00', '11:00:00'), -- 수1, 수2
    (200069, 80070, 'FRI', '11:00:00', '13:00:00'), -- 금3, 금4
    (200070, 80071, 'FRI', '11:00:00', '13:00:00'), -- 금3, 금4
    (200071, 80072, 'THU', '09:00:00', '11:00:00'), -- 목1, 목2
    (200072, 80073, 'THU', '09:00:00', '11:00:00'), -- 목1, 목2
    (200073, 80074, 'THU', '09:00:00', '11:00:00'), -- 목1, 목2
    (200074, 80075, 'THU', '09:00:00', '11:00:00'), -- 목1, 목2
    (200075, 80076, 'THU', '09:00:00', '11:00:00'), -- 목1, 목2
    (200076, 80077, 'TUE', '09:00:00', '11:00:00'), -- 화1, 화2
    (200077, 80078, 'TUE', '09:00:00', '11:00:00'), -- 화1, 화2
    (200078, 80079, 'TUE', '09:00:00', '11:00:00'), -- 화1, 화2
    (200079, 80080, 'TUE', '09:00:00', '11:00:00'), -- 화1, 화2
    (200080, 80081, 'TUE', '09:00:00', '11:00:00'), -- 화1, 화2
    (200081, 80082, 'TUE', '09:00:00', '11:00:00'), -- 화1, 화2
    (200082, 80083, 'FRI', '13:00:00', '15:00:00'), -- 금5, 금6
    (200083, 80084, 'FRI', '13:00:00', '15:00:00'), -- 금5, 금6
    (200084, 80085, 'WED', '09:00:00', '11:00:00'), -- 수1, 수2
    (200085, 80086, 'WED', '13:00:00', '15:00:00'), -- 수5, 수6
    (200086, 80087, 'WED', '09:00:00', '11:00:00'), -- 수1, 수2
    (200087, 80088, 'WED', '09:00:00', '11:00:00'), -- 수1, 수2
    (200088, 80089, 'WED', '09:00:00', '11:00:00'), -- 수1, 수2
    (200089, 80090, 'WED', '09:00:00', '11:00:00'), -- 수1, 수2
    (200090, 80091, 'WED', '13:00:00', '15:00:00'), -- 수5, 수6
    (200091, 80092, 'WED', '13:00:00', '15:00:00'), -- 수5, 수6
    (200092, 80093, 'WED', '13:00:00', '15:00:00'), -- 수5, 수6
    (200093, 80094, 'WED', '13:00:00', '15:00:00'), -- 수5, 수6
    (200094, 80095, 'TUE', '13:00:00', '15:00:00'), -- 화5, 화6
    (200095, 80096, 'FRI', '15:00:00', '17:00:00'), -- 금7, 금8
    (200096, 80097, 'MON', '15:00:00', '17:00:00'), -- 월7, 월8
    (200097, 80098, 'MON', '15:00:00', '17:00:00'), -- 월7, 월8
    (200098, 80099, 'WED', '13:00:00', '15:00:00'), -- 수5, 수6
    (200099, 80100, 'WED', '13:00:00', '15:00:00'), -- 수5, 수6
    (200100, 80101, 'FRI', '13:00:00', '15:00:00'), -- 금5, 금6
    (200101, 80102, 'TUE', '13:00:00', '15:00:00'), -- 화5, 화6
    (200102, 80103, 'TUE', '15:00:00', '17:00:00'), -- 화7, 화8
    (200103, 80104, 'TUE', '15:00:00', '17:00:00'), -- 화7, 화8
    (200104, 80105, 'MON', '13:00:00', '15:00:00'), -- 월5, 월6
    (200105, 80106, 'WED', '11:00:00', '13:00:00'); -- 수3, 수4

-- ============================================
-- 3. Curriculum 추가 (경영학과=1, 컴퓨터공학과=2 공통 필수 반영)
-- ============================================
INSERT INTO curriculum (curriculum_id, lecture_id, department_id, grade, requirement)
VALUES
    -- [경영학과 (department_id = 1)]
    (1006, 80055, 1, 1, true),
    (1007, 80056, 1, 1, true),
    (1008, 80057, 1, 1, true),
    (1009, 80058, 1, 1, true),
    (1010, 80059, 1, 1, true),
    (1011, 80060, 1, 1, true),
    (1012, 80061, 1, 1, true),
    (1013, 80062, 1, 1, true),
    (1014, 80063, 1, 1, true),
    (1015, 80064, 1, 1, true),
    (1016, 80065, 1, 1, true),
    (1017, 80066, 1, 1, true),
    (1018, 80067, 1, 1, true),
    (1019, 80068, 1, 1, true),
    (1020, 80069, 1, 1, true),
    (1021, 80070, 1, 1, true),
    (1022, 80071, 1, 1, true),
    (1023, 80072, 1, 1, true),
    (1024, 80073, 1, 1, true),
    (1025, 80074, 1, 1, true),
    (1026, 80075, 1, 1, true),
    (1027, 80076, 1, 1, true),
    (1028, 80077, 1, 1, true),
    (1029, 80078, 1, 1, true),
    (1030, 80079, 1, 1, true),
    (1031, 80080, 1, 1, true),
    (1032, 80081, 1, 1, true),
    (1033, 80082, 1, 1, true),
    (1034, 80083, 1, 1, true),
    (1035, 80084, 1, 1, true),
    (1036, 80085, 1, 1, true),
    (1037, 80086, 1, 1, true),
    (1038, 80087, 1, 1, true),
    (1039, 80088, 1, 1, true),
    (1040, 80089, 1, 1, true),
    (1041, 80090, 1, 1, true),
    (1042, 80091, 1, 1, true),
    (1043, 80092, 1, 1, true),
    (1044, 80093, 1, 1, true),
    (1045, 80094, 1, 1, true),
    (1046, 80095, 1, 1, true),
    (1047, 80096, 1, 1, true),
    (1048, 80097, 1, 1, true),
    (1049, 80098, 1, 1, true),
    (1050, 80099, 1, 1, true),
    (1051, 80100, 1, 1, true),
    (1052, 80101, 1, 1, true),
    (1053, 80102, 1, 1, true),
    (1054, 80103, 1, 1, true),
    (1055, 80104, 1, 1, true),
    (1056, 80105, 1, 1, true),
    (1057, 80106, 1, 1, true),

    -- [컴퓨터공학과 (department_id = 2)]
    (1058, 80055, 2, 1, true),
    (1059, 80056, 2, 1, true),
    (1060, 80057, 2, 1, true),
    (1061, 80058, 2, 1, true),
    (1062, 80059, 2, 1, true),
    (1063, 80060, 2, 1, true),
    (1064, 80061, 2, 1, true),
    (1065, 80062, 2, 1, true),
    (1066, 80063, 2, 1, true),
    (1067, 80064, 2, 1, true),
    (1068, 80065, 2, 1, true),
    (1069, 80066, 2, 1, true),
    (1070, 80067, 2, 1, true),
    (1071, 80068, 2, 1, true),
    (1072, 80069, 2, 1, true),
    (1073, 80070, 2, 1, true),
    (1074, 80071, 2, 1, true),
    (1075, 80072, 2, 1, true),
    (1076, 80073, 2, 1, true),
    (1077, 80074, 2, 1, true),
    (1078, 80075, 2, 1, true),
    (1079, 80076, 2, 1, true),
    (1080, 80077, 2, 1, true),
    (1081, 80078, 2, 1, true),
    (1082, 80079, 2, 1, true),
    (1083, 80080, 2, 1, true),
    (1084, 80081, 2, 1, true),
    (1085, 80082, 2, 1, true),
    (1086, 80083, 2, 1, true),
    (1087, 80084, 2, 1, true),
    (1088, 80085, 2, 1, true),
    (1089, 80086, 2, 1, true),
    (1090, 80087, 2, 1, true),
    (1091, 80088, 2, 1, true),
    (1092, 80089, 2, 1, true),
    (1093, 80090, 2, 1, true),
    (1094, 80091, 2, 1, true),
    (1095, 80092, 2, 1, true),
    (1096, 80093, 2, 1, true),
    (1097, 80094, 2, 1, true),
    (1098, 80095, 2, 1, true),
    (1099, 80096, 2, 1, true),
    (1100, 80097, 2, 1, true),
    (1101, 80098, 2, 1, true),
    (1102, 80099, 2, 1, true),
    (1103, 80100, 2, 1, true),
    (1104, 80101, 2, 1, true),
    (1105, 80102, 2, 1, true),
    (1106, 80103, 2, 1, true),
    (1107, 80104, 2, 1, true),
    (1108, 80105, 2, 1, true),
    (1109, 80106, 2, 1, true);


-- ===========================================================================================


-- ============================================
-- 1. Lecture Group 추가 (괄호 수식어 제거 기준 병합)
-- ============================================
INSERT INTO lecture_group (lecture_group_id, lecture_group_name)
VALUES
    (35, '비즈니스와 통계');

-- ============================================
-- 2. Lecture 추가 (총 7개 분반, 3학점)
-- ============================================
INSERT INTO lecture
(
    lecture_id, lecture_name, credit, course_classification, liberal_category,
    semester, lecture_year, grade, classroom, professor, course_code, lecture_group_id
)
VALUES
    (80150, '비즈니스와 통계', 3, 'MAJOR_REQUIREMENT', null, 2, 2026, 1, '가천관-712', '박성준', '15694001', 35),
    (80151, '비즈니스와 통계', 3, 'MAJOR_REQUIREMENT', null, 2, 2026, 1, '가천관-712', '박성준', '15694002', 35),
    (80152, '비즈니스와 통계', 3, 'MAJOR_REQUIREMENT', null, 2, 2026, 1, '가천관-712', '노혜영', '15694003', 35),
    (80153, '비즈니스와 통계', 3, 'MAJOR_REQUIREMENT', null, 2, 2026, 1, '가천관-712', '남호헌', '15694004', 35),
    (80154, '비즈니스와 통계', 3, 'MAJOR_REQUIREMENT', null, 2, 2026, 1, '가천관-715', '문영인', '15694005', 35),
    (80155, '비즈니스와 통계', 3, 'MAJOR_REQUIREMENT', null, 2, 2026, 1, '가천관-715', '양숙희', '15694006', 35),
    (80156, '비즈니스와 통계 (실시간화상강의)', 3, 'MAJOR_REQUIREMENT', null, 2, 2026, 1, '화상강의강의실(가상)', '오주현', '15694008', 35);

-- ============================================
-- 3. Lecture Schedule 추가 (3시간 과목 요일/교시 분할 변환)
-- 1,2교시(09~11), 1교시(09~10), 3,4교시(11~13), 4,5,6교시(12~15),
-- 5,6,7교시(13~16), 8,9교시(16~18), 9교시(17~18) 기준
-- ============================================
INSERT INTO lecture_schedule (lecture_schedule_id, lecture_id, day_of_week, start_time, end_time)
VALUES
    -- [80150] 월1, 월2, 화1
    (200149, 80150, 'MON', '09:00:00', '11:00:00'), -- 월1, 월2
    (200150, 80150, 'TUE', '09:00:00', '10:00:00'), -- 화1

    -- [80151] 월9, 화8, 화9
    (200151, 80151, 'MON', '17:00:00', '18:00:00'), -- 월9
    (200152, 80151, 'TUE', '16:00:00', '18:00:00'), -- 화8, 화9

    -- [80152] 화5, 화6, 화7
    (200153, 80152, 'TUE', '13:00:00', '16:00:00'), -- 화5, 화6, 화7

    -- [80153] 목5, 목6, 목7
    (200154, 80153, 'THU', '13:00:00', '16:00:00'), -- 목5, 목6, 목7

    -- [80154] 금5, 금6, 금7
    (200155, 80154, 'FRI', '13:00:00', '16:00:00'), -- 금5, 금6, 금7

    -- [80155] 수4, 수5, 수6
    (200156, 80155, 'WED', '12:00:00', '15:00:00'), -- 수4, 수5, 수6

    -- [80156] 수4, 수5, 수6
    (200157, 80156, 'WED', '12:00:00', '15:00:00'); -- 수4, 수5, 수6

-- ============================================
-- 4. Curriculum 추가 (경영학과=1, 컴퓨터공학과=2 공통 필수 반영)
-- ============================================
INSERT INTO curriculum (curriculum_id, lecture_id, department_id, grade, requirement)
VALUES
    -- [경영학과 (department_id = 1)]
    (1196, 80150, 1, 1, true),
    (1197, 80151, 1, 1, true),
    (1198, 80152, 1, 1, true),
    (1199, 80153, 1, 1, true),
    (1200, 80154, 1, 1, true),
    (1201, 80155, 1, 1, true),
    (1202, 80156, 1, 1, true);



CREATE TABLE IF NOT EXISTS email_verifications (
                                                   email_verification_id BIGINT AUTO_INCREMENT PRIMARY KEY,
                                                   email VARCHAR(255) NOT NULL UNIQUE,
    verification_code VARCHAR(6) NOT NULL,
    expires_at DATETIME(6) NOT NULL,
    verified BOOLEAN NOT NULL,
    created_at DATETIME(6) NOT NULL,
    updated_at DATETIME(6) NOT NULL
    );


INSERT INTO email_verifications (
    email_verification_id,
    email,
    verification_code,
    expires_at,
    verified,
    created_at,
    updated_at
)
VALUES (
           1,
           'student@gachon.ac.kr',
           '111111',
           DATE_ADD(NOW(), INTERVAL 100000 HOUR),
           true,
           NOW(),
           NOW()
       )
    ON DUPLICATE KEY UPDATE
                         verification_code = '111111',
                         verified = true,
                         expires_at = DATE_ADD(NOW(), INTERVAL 100000 HOUR),
                         updated_at = NOW();



CREATE TABLE IF NOT EXISTS users (
                                     user_id BIGINT AUTO_INCREMENT PRIMARY KEY,
                                     department_id BIGINT NOT NULL,
                                     student_id BIGINT NOT NULL,
                                     email VARCHAR(255) NOT NULL UNIQUE,
    password VARCHAR(255) NOT NULL,
    grade INT NOT NULL,
    email_verified BOOLEAN NOT NULL,
    created_at DATETIME(6) NOT NULL,
    updated_at DATETIME(6) NOT NULL,
    deleted_at DATETIME(6) NULL
    );


INSERT INTO users (
    user_id,
    department_id,
    student_id,
    email,
    password,
    grade,
    email_verified,
    created_at,
    updated_at,
    deleted_at
)
VALUES (
           1,
           1,
           202612345,
           'student@gachon.ac.kr',
           '$2a$12$qXfrOTVa6KDsuVUmKhjcq.xZ76MN5Zkd6FW1.mVJlgBCYIgIwQ/42', -- '1234'의 BCrypt 암호화 해시값
           4,
           true,
           NOW(),
           NOW(),
           NULL
       )
    ON DUPLICATE KEY UPDATE
                         password = '$2a$12$qXfrOTVa6KDsuVUmKhjcq.xZ76MN5Zkd6FW1.mVJlgBCYIgIwQ/42',
                         email_verified = true,
                         updated_at = NOW();



