SET NAMES 'utf8mb4';

-- ============================================
-- 1. 기초 테이블 생성 (참조하는 테이블이 없는 독립적인 테이블)
-- ============================================

-- 학과 테이블
CREATE TABLE IF NOT EXISTS department (
                                          department_id BIGINT PRIMARY KEY,
                                          department_name VARCHAR(100) NOT NULL
    );

-- 강의 그룹 테이블
CREATE TABLE IF NOT EXISTS lecture_group (
                                             lecture_group_id BIGINT PRIMARY KEY,
                                             lecture_group_name VARCHAR(255) NOT NULL
    );

-- 이메일 인증 테이블
CREATE TABLE IF NOT EXISTS email_verifications (
                                                   email_verification_id BIGINT AUTO_INCREMENT PRIMARY KEY,
                                                   email VARCHAR(255) NOT NULL UNIQUE,
    verification_code VARCHAR(6) NOT NULL,
    expires_at DATETIME(6) NOT NULL,
    verified BOOLEAN NOT NULL,
    created_at DATETIME(6) NOT NULL,
    updated_at DATETIME(6) NOT NULL
    );


-- ============================================
-- 2. 참조 테이블 생성 (외래 키 의존성이 있는 테이블)
-- ============================================

-- 강의 테이블 (lecture_group_id 외래 키 참조)
CREATE TABLE IF NOT EXISTS lecture (
                                       lecture_id BIGINT PRIMARY KEY,
                                       lecture_name VARCHAR(255) NOT NULL,
    credit INT NOT NULL,
    course_classification VARCHAR(50) NOT NULL, -- MAJOR_REQUIREMENT, LIBERAL_REQUIREMENT 등
    liberal_category VARCHAR(50) NULL,          -- AI_BASIC, COMMUNICATION 등 (NULL 가능)
    semester INT NOT NULL,
    lecture_year INT NOT NULL,
    grade INT NULL,                             -- NULL 입력 대비 NULL 허용
    classroom VARCHAR(100) NULL,                -- NULL 입력 대비 NULL 허용
    professor VARCHAR(100) NULL,                -- NULL 입력 대비 NULL 허용
    course_code VARCHAR(50) NOT NULL,
    lecture_group_id BIGINT,
    FOREIGN KEY (lecture_group_id) REFERENCES lecture_group(lecture_group_id) ON DELETE SET NULL
    );

-- 강의 시간표 테이블 (lecture_id 외래 키 참조)
CREATE TABLE IF NOT EXISTS lecture_schedule (
                                                lecture_schedule_id BIGINT PRIMARY KEY,
                                                lecture_id BIGINT NOT NULL,
                                                day_of_week VARCHAR(10) NOT NULL,           -- MON, TUE, WED, THU, FRI 등
    start_time TIME NOT NULL,
    end_time TIME NOT NULL,
    FOREIGN KEY (lecture_id) REFERENCES lecture(lecture_id) ON DELETE CASCADE
    );

-- 커리큘럼 테이블 (lecture_id, department_id 외래 키 참조)
CREATE TABLE IF NOT EXISTS curriculum (
                                          curriculum_id BIGINT PRIMARY KEY,
                                          lecture_id BIGINT NOT NULL,
                                          department_id BIGINT NOT NULL,
                                          grade INT NOT NULL,
                                          requirement BOOLEAN NOT NULL,
                                          FOREIGN KEY (lecture_id) REFERENCES lecture(lecture_id) ON DELETE CASCADE,
    FOREIGN KEY (department_id) REFERENCES department(department_id) ON DELETE CASCADE
    );

-- 유저 테이블 (department_id 외래 키 참조)
CREATE TABLE IF NOT EXISTS users (
                                     user_id BIGINT AUTO_INCREMENT PRIMARY KEY,
                                     department_id BIGINT NOT NULL,
                                     student_id BIGINT NOT NULL,
                                     email VARCHAR(255) NOT NULL UNIQUE,
    password VARCHAR(255) NOT NULL,
    grade INT NOT NULL,
    email_verified BOOLEAN NOT NULL,
    created_at DATETIME(6) NOT NULL,
    updated_at DATETIME(6) NOT NULL,
    deleted_at DATETIME(6) NULL,
    FOREIGN KEY (department_id) REFERENCES department(department_id)
    );


CREATE TABLE IF NOT EXISTS timetable (
                                         timetable_id BIGINT AUTO_INCREMENT PRIMARY KEY,
                                         user_id BIGINT NOT NULL,
                                         candidate_name VARCHAR(50) NOT NULL,
    department_id BIGINT NOT NULL,
    preferred_free_days VARCHAR(50) NULL,       -- WeekListConverter가 변환한 문자열 저장
    total_credits INT NOT NULL,
    target_credits INT NOT NULL,
    grade INT NOT NULL,
    semester INT NOT NULL,
    created_at DATETIME(6) NOT NULL,
    updated_at DATETIME(6) NOT NULL,
    deleted_at DATETIME(6) NULL,

    -- 외래키 제약조건 (유저 및 학과 참조)
    CONSTRAINT fk_timetable_user
    FOREIGN KEY (user_id) REFERENCES users(user_id) ON DELETE CASCADE,
    CONSTRAINT fk_timetable_department
    FOREIGN KEY (department_id) REFERENCES department(department_id)
    );

-- 시간표-강의 매핑 (다대다 해소용 연관 테이블)
CREATE TABLE IF NOT EXISTS timetable_lecture (
                                                 timetable_lecture_id BIGINT AUTO_INCREMENT PRIMARY KEY,
                                                 timetable_id BIGINT NOT NULL,
                                                 lecture_id BIGINT NOT NULL,
                                                 created_at DATETIME(6) NOT NULL,
    updated_at DATETIME(6) NOT NULL,
    deleted_at DATETIME(6) NULL,

    -- 외래키 제약조건 (시간표 및 강의 참조)
    CONSTRAINT fk_tl_timetable
    FOREIGN KEY (timetable_id) REFERENCES timetable(timetable_id) ON DELETE CASCADE,
    CONSTRAINT fk_tl_lecture
    FOREIGN KEY (lecture_id) REFERENCES lecture(lecture_id) ON DELETE CASCADE
    );


CREATE TABLE IF NOT EXISTS refresh_tokens (
                                              refresh_token_id BIGINT AUTO_INCREMENT PRIMARY KEY,
                                              user_id BIGINT NOT NULL UNIQUE,
                                              token VARCHAR(512) NOT NULL,
    expired_at DATETIME(6) NOT NULL,
    created_at DATETIME(6) NOT NULL,
    updated_at DATETIME(6) NOT NULL,

    CONSTRAINT fk_refresh_token_user
    FOREIGN KEY (user_id)
    REFERENCES users(user_id)
    ON DELETE CASCADE
    );
-- ============================================
-- 경영학과(department_id=1) 실제 개설 강의 데이터 (LectureGroup 반영)
-- 같은 과목 판단 기준: 강의명에서 괄호 수식어((외국인반),(12주),(P/NP) 등)를 제거한 나머지가 동일하면 같은 그룹
-- ⚠️ LectureGroup이 BaseTimeEntity를 상속한다면 created_at/updated_at 등 NOT NULL 컬럼이 있는지 확인 필요
--    (여기서는 lecture_group_id, lecture_group_name만 INSERT함)
-- lecture_group_id: 1 ~ 31
-- lecture_id: 10000 ~ 10106
-- curriculum_id: 789 ~ 895
-- ============================================

-- ============================================
-- Lecture Group (31개, 중복 과목명 병합)
-- ============================================

INSERT INTO department (department_id, department_name)
VALUES
    (1, '경영학과'),
    (2, '컴퓨터공학과');

INSERT INTO lecture_group (lecture_group_id, lecture_group_name)
VALUES
    (1,'ESG 경영'),
    (2,'재무관리'),
    (3,'국제경영'),
    (4,'소비자행동'),
    (5,'경영과학'),
    (6,'창업과 마케팅'),
    (7,'조직행동'),
    (8,'인적자원과 조직개발'),
    (9,'마케팅 데이터 분석'),
    (10,'기업법'),
    (11,'P-실무프로젝트'),
    (12,'경영정보'),
    (13,'기업재무'),
    (14,'서비스경영'),
    (15,'현대조직의이해'),
    (16,'HR 데이터 분석'),
    (17,'브랜드관리'),
    (18,'중급회계연습2'),
    (19,'관리회계연습'),
    (20,'비영리회계'),
    (21,'AI 기반 경영전략 실습'),
    (22,'파이썬과 회계데이터 분석'),
    (23,'파생상품'),
    (24,'유통관리'),
    (25,'혁신과 전략'),
    (26,'회사법'),
    (27,'리더십사례연구'),
    (28,'데이터경영 주제연구'),
    (29,'경영자료와 의사결정'),
    (30,'소득세회계연습'),
    (31,'부가가치세회계연습'),
    (32,'경제학입문');

-- ============================================
-- Lecture (경영학과, 107개)
-- ============================================
INSERT INTO lecture
(
    lecture_id, lecture_name, credit, course_classification, liberal_category,
    semester, lecture_year, grade, classroom, professor, course_code, lecture_group_id
)
VALUES
    (10000,'ESG 경영',3,'MAJOR_ELECTIVE',null,2,2026,1,'가천관-720','이호승','15695001',1),
    (10001,'ESG 경영',3,'MAJOR_ELECTIVE',null,2,2026,1,'가천관-702','박종각','15695002',1),
    (70001,'경제학입문',3,'MAJOR_REQUIREMENT',null,2,2026,1,'가천관-513','오주현','12705001',32),
    (70002,'경제학입문',3,'MAJOR_REQUIREMENT',null,2,2026,1,'가천관-513','김기철','12705002',32),
    (10002,'재무관리',3,'MAJOR_REQUIREMENT',null,2,2026,2,'가천관-713','심형섭','02858001',2),
    (10003,'재무관리',3,'MAJOR_REQUIREMENT',null,2,2026,2,'가천관-713','심형섭','02858002',2),
    (10004,'재무관리',3,'MAJOR_REQUIREMENT',null,2,2026,2,'가천관-513','김동한','02858003',2),
    (10005,'재무관리',3,'MAJOR_REQUIREMENT',null,2,2026,2,'가천관-513','김동한','02858004',2),
    (10006,'재무관리',3,'MAJOR_REQUIREMENT',null,2,2026,2,'가천관-713','강병욱','02858005',2),
    (10007,'재무관리',3,'MAJOR_REQUIREMENT',null,2,2026,2,'가천관-713','강병욱','02858006',2),
    (10009,'국제경영',3,'MAJOR_ELECTIVE',null,2,2026,2,'가천관-713','이은화','02926001',3),
    (10010,'국제경영',3,'MAJOR_ELECTIVE',null,2,2026,2,'가천관-701','한주희','02926002',3),
    (10011,'국제경영',3,'MAJOR_ELECTIVE',null,2,2026,2,'가천관-701','한주희','02926003',3),
    (10013,'소비자행동',3,'MAJOR_ELECTIVE',null,2,2026,2,'가천관-713','김동엽','10698001',4),
    (10014,'소비자행동',3,'MAJOR_ELECTIVE',null,2,2026,2,'가천관-701','양재형','10698002',4),
    (10015,'소비자행동',3,'MAJOR_ELECTIVE',null,2,2026,2,'가천관-714','양재형','10698003',4),
    (10016,'소비자행동',3,'MAJOR_ELECTIVE',null,2,2026,2,'가천관-702','이종현','10698004',4),
    (10017,'소비자행동',3,'MAJOR_ELECTIVE',null,2,2026,2,'가천관-702','이종현','10698005',4),
    (10018,'소비자행동',3,'MAJOR_ELECTIVE',null,2,2026,2,null,null,'10698006',4),
    (10020,'경영과학',3,'MAJOR_ELECTIVE',null,2,2026,2,'가천관-714','서정대','11923001',5),
    (10021,'경영과학',3,'MAJOR_ELECTIVE',null,2,2026,2,'가천관-702','민선홍','11923002',5),
    (10022,'창업과 마케팅 (P/NP)',2,'MAJOR_ELECTIVE',null,2,2026,2,'가천관-720','최정선','12735001',6),
    (10023,'창업과 마케팅 (P/NP)',2,'MAJOR_ELECTIVE',null,2,2026,2,'가천관-720','최정선','12735005',6),
    (10024,'조직행동',3,'MAJOR_REQUIREMENT',null,2,2026,3,'가천관-701','강승완','12897001',7),
    (10025,'조직행동',3,'MAJOR_REQUIREMENT',null,2,2026,3,'가천관-701','김병직','12897002',7),
    (10026,'조직행동',3,'MAJOR_REQUIREMENT',null,2,2026,3,'가천관-701','손정미','12897003',7),
    (10027,'조직행동',3,'MAJOR_REQUIREMENT',null,2,2026,3,'가천관-513','김명희','12897004',7),
    (10028,'조직행동',3,'MAJOR_REQUIREMENT',null,2,2026,3,'가천관-513','김명희','12897005',7),
    (10029,'조직행동',3,'MAJOR_REQUIREMENT',null,2,2026,3,null,null,'12897006',7),
    (10030,'조직행동',3,'MAJOR_REQUIREMENT',null,2,2026,3,'가천관-714',null,'12897007',7),
    (10032,'인적자원과 조직개발',3,'MAJOR_ELECTIVE',null,2,2026,2,'가천관-713','조성준','13216001',8),
    (10033,'인적자원과 조직개발',3,'MAJOR_ELECTIVE',null,2,2026,2,'가천관-713','손정미','13216002',8),
    (10034,'인적자원과 조직개발',3,'MAJOR_ELECTIVE',null,2,2026,2,'가천관-714','손정미','13216003',8),
    (10035,'인적자원과 조직개발',3,'MAJOR_ELECTIVE',null,2,2026,2,'가천관-702','남상훈','13216004',8),
    (10037,'마케팅 데이터 분석',3,'MAJOR_ELECTIVE',null,2,2026,2,'가천관-714','이인영','14250001',9),
    (10038,'마케팅 데이터 분석 (실시간화상강의)',3,'MAJOR_ELECTIVE',null,2,2026,2,'화상강의강의실(가상)','노혜영','14250002',9),
    (10039,'기업법',3,'MAJOR_ELECTIVE',null,2,2026,4,'가천관-513','Sara Oh','15704001',10),
    (10040,'기업법',3,'MAJOR_ELECTIVE',null,2,2026,4,'가천관-702','하영태','15704002',10),
    (10041,'P-실무프로젝트 (4주/학과프로젝트)',3,'MAJOR_REQUIREMENT',null,2,2026,3,'가천관-721','이인영','60000034',11),
    (10042,'P-실무프로젝트 (4주/학과프로젝트)',3,'MAJOR_REQUIREMENT',null,2,2026,3,'가천관-721','정경란','60000053',11),
    (10043,'P-실무프로젝트 (4주/학과프로젝트)',3,'MAJOR_REQUIREMENT',null,2,2026,3,'가천관-721','이경재','60000054',11),
    (10044,'P-실무프로젝트 (4주/학과프로젝트)(AI)',3,'MAJOR_REQUIREMENT',null,2,2026,3,'가천관-722','곽찬희','60000055',11),
    (10045,'P-실무프로젝트 (4주/학과프로젝트)',3,'MAJOR_REQUIREMENT',null,2,2026,3,'가천관-721','유진영','60000056',11),
    (10046,'P-실무프로젝트 (4주/학과프로젝트)(AI)(Post-P)',3,'MAJOR_REQUIREMENT',null,2,2026,3,'가천관-722','김동엽','60000057',11),
    (10047,'P-실무프로젝트 (4주/학과프로젝트)',3,'MAJOR_REQUIREMENT',null,2,2026,3,'가천관-722','이호승','60000058',11),
    (10048,'P-실무프로젝트 (4주/학과프로젝트)',3,'MAJOR_REQUIREMENT',null,2,2026,3,'가천관-301','한주희','60000059',11),
    (10049,'P-실무프로젝트 (4주/학과프로젝트)',3,'MAJOR_REQUIREMENT',null,2,2026,3,'가천관-721','김홍범','60000060',11),
    (10050,'P-실무프로젝트 (4주/학과프로젝트)(AI)',3,'MAJOR_REQUIREMENT',null,2,2026,3,'가천관-301','윤인경','60000061',11),
    (10052,'P-실무프로젝트 (4주/현장실습) (P/NP)',3,'MAJOR_REQUIREMENT',null,2,2026,3,null,'전성민','60001001',11),
    (10053,'경영정보 (12주)',3,'MAJOR_REQUIREMENT',null,2,2026,3,'가천관-301','장문경','61142001',12),
    (10054,'경영정보 (12주)',3,'MAJOR_REQUIREMENT',null,2,2026,3,'가천관-713','장문경','61142002',12),
    (10055,'경영정보 (12주)',3,'MAJOR_REQUIREMENT',null,2,2026,3,'가천관-301','박보우','61142003',12),
    (10056,'경영정보 (12주)',3,'MAJOR_REQUIREMENT',null,2,2026,3,'가천관-301','박보우','61142004',12),
    (10057,'경영정보 (12주)',3,'MAJOR_REQUIREMENT',null,2,2026,3,'가천관-715','임외석','61142005',12),
    (10058,'경영정보 (12주)',3,'MAJOR_REQUIREMENT',null,2,2026,3,'가천관-301','이서영','61142006',12),
    (10059,'경영정보 (12주)',3,'MAJOR_REQUIREMENT',null,2,2026,3,'가천관-301','이서영','61142007',12),
    (10060,'경영정보 (12주)',3,'MAJOR_REQUIREMENT',null,2,2026,3,'가천관-301','이원창','61142008',12),
    (10061,'경영정보 (12주)',3,'MAJOR_REQUIREMENT',null,2,2026,3,'가천관-720','전성민','61142009',12),
    (10063,'기업재무 (12주)',3,'MAJOR_ELECTIVE',null,2,2026,3,'가천관-721','심형섭','61146001',13),
    (10064,'기업재무 (12주)',3,'MAJOR_ELECTIVE',null,2,2026,3,null,null,'61146002',13),
    (10065,'서비스경영 (12주)',3,'MAJOR_ELECTIVE',null,2,2026,3,'가천관-824','옥형수','61314001',14),
    (10066,'서비스경영 (12주)',3,'MAJOR_ELECTIVE',null,2,2026,3,'가천관-722','김홍범','61314002',14),
    (10067,'서비스경영 (12주)',3,'MAJOR_ELECTIVE',null,2,2026,3,'가천관-722','차영덕','61314003',14),
    (10068,'서비스경영 (12주)',3,'MAJOR_ELECTIVE',null,2,2026,3,'가천관-722','노혜영','61314004',14),
    (10069,'현대조직의이해 (12주)',3,'MAJOR_ELECTIVE',null,2,2026,3,'가천관-722','이경재','61364001',15),
    (10070,'현대조직의이해 (12주)',3,'MAJOR_ELECTIVE',null,2,2026,3,'가천관-721','김지영','61364002',15),
    (10071,'현대조직의이해 (12주)',3,'MAJOR_ELECTIVE',null,2,2026,3,'가천관-722','이경재','61364003',15),
    (10073,'HR 데이터 분석 (12주)',3,'MAJOR_ELECTIVE',null,2,2026,3,'가천관-721','정경란','61394001',16),
    (10074,'HR 데이터 분석 (12주)(실시간화상강의)',3,'MAJOR_ELECTIVE',null,2,2026,3,'화상강의강의실(가상)','김지영','61394002',16),
    (10075,'브랜드관리 (12주)',3,'MAJOR_ELECTIVE',null,2,2026,3,'가천관-722','유진영','61395001',17),
    (10076,'브랜드관리 (12주)',3,'MAJOR_ELECTIVE',null,2,2026,3,'가천관-722','유진영','61395002',17),
    (10077,'브랜드관리 (12주)',3,'MAJOR_ELECTIVE',null,2,2026,3,'가천관-721','이원인','61395003',17),
    (10079,'중급회계연습2 (12주)',3,'MAJOR_ELECTIVE',null,2,2026,3,'가천관-718','이승준','61536001',18),
    (10080,'중급회계연습2 (12주)',3,'MAJOR_ELECTIVE',null,2,2026,3,'가천관-718','이승준','61536002',18),
    (10081,'관리회계연습 (12주)',3,'MAJOR_ELECTIVE',null,2,2026,3,'가천관-301','현진환','61543001',19),
    (10082,'관리회계연습 (12주)',3,'MAJOR_ELECTIVE',null,2,2026,3,'가천관-701','현진환','61543002',19),
    (10083,'비영리회계 (12주)',3,'MAJOR_ELECTIVE',null,2,2026,3,'가천관-301','김완희','61544001',20),
    (10084,'비영리회계 (12주)',3,'MAJOR_ELECTIVE',null,2,2026,3,'가천관-301','김완희','61544002',20),
    (10085,'비영리회계 (12주)',3,'MAJOR_ELECTIVE',null,2,2026,3,'가천관-720','하연자','61544003',20),
    (10086,'AI 기반 경영전략 실습 (12주)',3,'MAJOR_ELECTIVE',null,2,2026,4,'가천관-721','한주희','61582001',21),
    (10087,'AI 기반 경영전략 실습 (12주)(Pre-P)',3,'MAJOR_ELECTIVE',null,2,2026,4,'가천관-722','김동엽','61582002',21),
    (10088,'AI 기반 경영전략 실습 (12주)(S분반)',3,'MAJOR_ELECTIVE',null,2,2026,4,'가천관-721','이호승','61582003',21),
    (10089,'파이썬과 회계데이터 분석 (12주)',3,'MAJOR_ELECTIVE',null,2,2026,4,null,null,'61583001',22),
    (10090,'파생상품',3,'MAJOR_ELECTIVE',null,2,2026,4,'가천관-714','강병욱','09156001',23),
    (10091,'유통관리',3,'MAJOR_ELECTIVE',null,2,2026,4,'가천관-702','이종현','10701001',24),
    (10092,'유통관리',3,'MAJOR_ELECTIVE',null,2,2026,4,'가천관-720','임진환','10701002',24),
    (10093,'혁신과 전략',3,'MAJOR_ELECTIVE',null,2,2026,4,'가천관-714','김한얼','10703001',25),
    (10094,'혁신과 전략',3,'MAJOR_ELECTIVE',null,2,2026,4,'가천관-714','김한얼','10703002',25),
    (10095,'혁신과 전략',3,'MAJOR_ELECTIVE',null,2,2026,4,'가천관-714','김한얼','10703003',25),
    (10097,'회사법 (실시간화상강의)',3,'MAJOR_ELECTIVE',null,2,2026,4,'화상강의강의실(가상)','Sara Oh','13212001',26),
    (10098,'회사법 (실시간화상강의)',3,'MAJOR_ELECTIVE',null,2,2026,4,'화상강의강의실(가상)','Sara Oh','13212002',26),
    (10099,'리더십사례연구',3,'MAJOR_ELECTIVE',null,2,2026,4,'가천관-718','김병직','14003001',27),
    (10100,'리더십사례연구',3,'MAJOR_ELECTIVE',null,2,2026,4,'가천관-702',null,'14003002',27),
    (10102,'데이터경영 주제연구',3,'MAJOR_ELECTIVE',null,2,2026,4,'가천관-702','곽찬희','14256001',28),
    (10103,'경영자료와 의사결정',3,'MAJOR_ELECTIVE',null,2,2026,4,'가천관-714','이미영','14257001',29),
    (10104,'소득세회계연습',3,'MAJOR_ELECTIVE',null,2,2026,4,'가천관-513','김호성','15284001',30),
    (10105,'소득세회계연습',3,'MAJOR_ELECTIVE',null,2,2026,4,'가천관-718','임정길','15284002',30),
    (10106,'부가가치세회계연습',3,'MAJOR_ELECTIVE',null,2,2026,4,'가천관-714','윤유진','15285001',31);

-- ============================================
-- Lecture Schedule (경영학과, 191개)
-- ============================================
INSERT INTO lecture_schedule (lecture_schedule_id, lecture_id, day_of_week, start_time, end_time)
VALUES
    (100000,10000,'THU','10:00:00','12:00:00'),
    (100001,10000,'FRI','10:00:00','11:00:00'),
    (100010,10001,'WED','13:00:00','16:00:00'),
    (100020,10002,'MON','15:00:00','17:00:00'),
    (100021,10002,'TUE','15:00:00','16:00:00'),
    (100030,10003,'MON','17:00:00','18:00:00'),
    (100031,10003,'TUE','16:00:00','18:00:00'),
    (100040,10004,'THU','10:00:00','13:00:00'),
    (100050,10005,'THU','16:00:00','19:00:00'),
    (100060,10006,'WED','16:00:00','19:00:00'),
    (100070,10007,'THU','16:00:00','19:00:00'),
    (100090,10009,'THU','10:00:00','13:00:00'),
    (100100,10010,'THU','12:00:00','14:00:00'),
    (100101,10010,'FRI','12:00:00','13:00:00'),
    (100110,10011,'THU','14:00:00','15:00:00'),
    (100111,10011,'FRI','13:00:00','15:00:00'),
    (100130,10013,'MON','14:00:00','15:00:00'),
    (100131,10013,'TUE','13:00:00','15:00:00'),
    (100140,10014,'WED','09:00:00','12:00:00'),
    (100150,10015,'THU','09:00:00','12:00:00'),
    (100160,10016,'MON','15:00:00','17:00:00'),
    (100161,10016,'TUE','15:00:00','16:00:00'),
    (100170,10017,'MON','17:00:00','18:00:00'),
    (100171,10017,'TUE','16:00:00','18:00:00'),
    (100200,10020,'MON','15:00:00','17:00:00'),
    (100201,10020,'TUE','15:00:00','16:00:00'),
    (100210,10021,'FRI','16:00:00','19:00:00'),
    (100220,10022,'WED','09:00:00','11:00:00'),
    (100230,10023,'WED','11:00:00','13:00:00'),
    (100240,10024,'MON','17:00:00','18:00:00'),
    (100241,10024,'TUE','16:00:00','18:00:00'),
    (100250,10025,'MON','12:00:00','13:00:00'),
    (100251,10025,'TUE','12:00:00','14:00:00'),
    (100260,10026,'MON','13:00:00','16:00:00'),
    (100270,10027,'MON','10:00:00','13:00:00'),
    (100280,10028,'MON','13:00:00','16:00:00'),
    (100300,10030,'THU','18:00:00','21:00:00'),
    (100320,10032,'MON','11:00:00','12:00:00'),
    (100321,10032,'TUE','10:00:00','12:00:00'),
    (100330,10033,'FRI','10:00:00','13:00:00'),
    (100340,10034,'FRI','13:00:00','16:00:00'),
    (100350,10035,'MON','12:00:00','15:00:00'),
    (100370,10037,'THU','12:00:00','15:00:00'),
    (100380,10038,'MON','13:00:00','16:00:00'),
    (100390,10039,'WED','12:00:00','14:00:00'),
    (100391,10039,'FRI','13:00:00','14:00:00'),
    (100400,10040,'WED','16:00:00','19:00:00'),
    (100410,10041,'MON','09:00:00','12:00:00'),
    (100411,10041,'TUE','09:00:00','12:00:00'),
    (100412,10041,'WED','09:00:00','12:00:00'),
    (100413,10041,'THU','09:00:00','12:00:00'),
    (100414,10041,'FRI','09:00:00','12:00:00'),
    (100420,10042,'MON','12:00:00','15:00:00'),
    (100421,10042,'TUE','12:00:00','15:00:00'),
    (100422,10042,'WED','12:00:00','15:00:00'),
    (100423,10042,'THU','12:00:00','15:00:00'),
    (100424,10042,'FRI','12:00:00','15:00:00'),
    (100430,10043,'MON','15:00:00','18:00:00'),
    (100431,10043,'TUE','15:00:00','18:00:00'),
    (100432,10043,'WED','15:00:00','18:00:00'),
    (100433,10043,'THU','15:00:00','18:00:00'),
    (100434,10043,'FRI','15:00:00','18:00:00'),
    (100440,10044,'MON','15:00:00','18:00:00'),
    (100441,10044,'TUE','15:00:00','18:00:00'),
    (100442,10044,'WED','15:00:00','18:00:00'),
    (100443,10044,'THU','15:00:00','18:00:00'),
    (100444,10044,'FRI','15:00:00','18:00:00'),
    (100450,10045,'MON','15:00:00','18:00:00'),
    (100451,10045,'TUE','15:00:00','18:00:00'),
    (100452,10045,'WED','15:00:00','18:00:00'),
    (100453,10045,'THU','15:00:00','18:00:00'),
    (100454,10045,'FRI','15:00:00','18:00:00'),
    (100460,10046,'MON','09:00:00','12:00:00'),
    (100461,10046,'TUE','09:00:00','12:00:00'),
    (100462,10046,'WED','09:00:00','12:00:00'),
    (100463,10046,'THU','09:00:00','12:00:00'),
    (100464,10046,'FRI','09:00:00','12:00:00'),
    (100470,10047,'MON','12:00:00','15:00:00'),
    (100471,10047,'TUE','12:00:00','15:00:00'),
    (100472,10047,'WED','12:00:00','15:00:00'),
    (100473,10047,'THU','12:00:00','15:00:00'),
    (100474,10047,'FRI','12:00:00','15:00:00'),
    (100480,10048,'MON','09:00:00','12:00:00'),
    (100481,10048,'TUE','09:00:00','12:00:00'),
    (100482,10048,'WED','09:00:00','12:00:00'),
    (100483,10048,'THU','09:00:00','12:00:00'),
    (100484,10048,'FRI','09:00:00','12:00:00'),
    (100490,10049,'MON','09:00:00','12:00:00'),
    (100491,10049,'TUE','09:00:00','12:00:00'),
    (100492,10049,'WED','09:00:00','12:00:00'),
    (100493,10049,'THU','09:00:00','12:00:00'),
    (100494,10049,'FRI','09:00:00','12:00:00'),
    (100500,10050,'MON','12:00:00','15:00:00'),
    (100501,10050,'TUE','12:00:00','15:00:00'),
    (100502,10050,'WED','12:00:00','15:00:00'),
    (100503,10050,'THU','12:00:00','15:00:00'),
    (100504,10050,'FRI','12:00:00','15:00:00'),
    (100520,10052,'MON','09:00:00','12:00:00'),
    (100521,10052,'TUE','09:00:00','12:00:00'),
    (100522,10052,'WED','09:00:00','12:00:00'),
    (100523,10052,'THU','09:00:00','12:00:00'),
    (100524,10052,'FRI','09:00:00','12:00:00'),
    (100530,10053,'THU','11:00:00','13:00:00'),
    (100531,10053,'FRI','11:00:00','13:00:00'),
    (100540,10054,'THU','14:00:00','16:00:00'),
    (100541,10054,'FRI','14:00:00','16:00:00'),
    (100550,10055,'MON','14:00:00','18:00:00'),
    (100560,10056,'WED','14:00:00','18:00:00'),
    (100570,10057,'TUE','09:00:00','13:00:00'),
    (100580,10058,'THU','14:00:00','16:00:00'),
    (100581,10058,'FRI','14:00:00','16:00:00'),
    (100590,10059,'THU','16:00:00','18:00:00'),
    (100591,10059,'FRI','16:00:00','18:00:00'),
    (100600,10060,'TUE','14:00:00','18:00:00'),
    (100610,10061,'MON','10:00:00','12:00:00'),
    (100611,10061,'TUE','10:00:00','12:00:00'),
    (100630,10063,'MON','11:00:00','13:00:00'),
    (100631,10063,'TUE','11:00:00','13:00:00'),
    (100650,10065,'THU','09:00:00','11:00:00'),
    (100651,10065,'FRI','09:00:00','11:00:00'),
    (100660,10066,'THU','11:00:00','13:00:00'),
    (100661,10066,'FRI','11:00:00','13:00:00'),
    (100670,10067,'MON','09:00:00','13:00:00'),
    (100680,10068,'TUE','09:00:00','13:00:00'),
    (100690,10069,'MON','14:00:00','16:00:00'),
    (100691,10069,'TUE','14:00:00','16:00:00'),
    (100700,10070,'WED','14:00:00','18:00:00'),
    (100710,10071,'MON','16:00:00','18:00:00'),
    (100711,10071,'TUE','16:00:00','18:00:00'),
    (100730,10073,'THU','11:00:00','13:00:00'),
    (100731,10073,'FRI','11:00:00','13:00:00'),
    (100740,10074,'THU','09:00:00','13:00:00'),
    (100750,10075,'THU','14:00:00','16:00:00'),
    (100751,10075,'FRI','16:00:00','18:00:00'),
    (100760,10076,'THU','16:00:00','18:00:00'),
    (100761,10076,'FRI','14:00:00','16:00:00'),
    (100770,10077,'TUE','14:00:00','18:00:00'),
    (100790,10079,'FRI','09:00:00','13:00:00'),
    (100800,10080,'FRI','14:00:00','18:00:00'),
    (100810,10081,'WED','09:00:00','13:00:00'),
    (100820,10082,'WED','14:00:00','18:00:00'),
    (100830,10083,'MON','09:00:00','11:00:00'),
    (100831,10083,'TUE','09:00:00','11:00:00'),
    (100840,10084,'MON','11:00:00','13:00:00'),
    (100841,10084,'TUE','11:00:00','13:00:00'),
    (100850,10085,'FRI','14:00:00','18:00:00'),
    (100860,10086,'THU','09:00:00','11:00:00'),
    (100861,10086,'FRI','09:00:00','11:00:00'),
    (100870,10087,'WED','09:00:00','13:00:00'),
    (100880,10088,'MON','14:00:00','18:00:00'),
    (100900,10090,'WED','13:00:00','16:00:00'),
    (100910,10091,'MON','11:00:00','12:00:00'),
    (100911,10091,'TUE','10:00:00','12:00:00'),
    (100920,10092,'MON','14:00:00','15:00:00'),
    (100921,10092,'TUE','13:00:00','15:00:00'),
    (100930,10093,'MON','11:00:00','12:00:00'),
    (100931,10093,'TUE','10:00:00','12:00:00'),
    (100940,10094,'MON','14:00:00','15:00:00'),
    (100941,10094,'TUE','13:00:00','15:00:00'),
    (100950,10095,'MON','17:00:00','18:00:00'),
    (100951,10095,'TUE','16:00:00','18:00:00'),
    (100970,10097,'WED','09:00:00','10:00:00'),
    (100971,10097,'FRI','09:00:00','11:00:00'),
    (100980,10098,'WED','10:00:00','11:00:00'),
    (100981,10098,'FRI','11:00:00','13:00:00'),
    (100990,10099,'MON','13:00:00','15:00:00'),
    (100991,10099,'TUE','14:00:00','15:00:00'),
    (101000,10100,'TUE','12:00:00','15:00:00'),
    (101020,10102,'MON','09:00:00','11:00:00'),
    (101021,10102,'TUE','09:00:00','10:00:00'),
    (101030,10103,'FRI','16:00:00','19:00:00'),
    (101040,10104,'TUE','09:00:00','12:00:00'),
    (101050,10105,'THU','09:00:00','12:00:00'),
    (101060,10106,'WED','09:00:00','12:00:00'),
    (101070,70001,'TUE','13:00:00','16:00:00'),
    (101080,70002,'MON','16:00:00','19:00:00')

;

-- ============================================
-- Curriculum (경영학과, 107개)
-- ============================================
INSERT INTO curriculum (curriculum_id, lecture_id, department_id, grade, requirement)
VALUES
    (789,10000,1,3,false),
    (790,10001,1,3,false),
    (791,10002,1,2,true),
    (792,10003,1,2,true),
    (793,10004,1,2,true),
    (794,10005,1,2,true),
    (795,10006,1,2,true),
    (796,10007,1,2,true),
    (798,10009,1,2,false),
    (799,10010,1,2,false),
    (800,10011,1,2,false),
    (802,10013,1,2,false),
    (803,10014,1,2,false),
    (804,10015,1,2,false),
    (805,10016,1,2,false),
    (806,10017,1,2,false),
    (807,10018,1,2,false),
    (809,10020,1,2,false),
    (810,10021,1,2,false),
    (811,10022,1,2,false),
    (812,10023,1,2,false),
    (813,10024,1,3,true),
    (814,10025,1,3,true),
    (815,10026,1,3,true),
    (816,10027,1,3,true),
    (817,10028,1,3,true),
    (818,10029,1,3,true),
    (819,10030,1,3,true),
    (821,10032,1,2,false),
    (822,10033,1,2,false),
    (823,10034,1,2,false),
    (824,10035,1,2,false),
    (826,10037,1,2,false),
    (827,10038,1,2,false),
    (828,10039,1,4,false),
    (829,10040,1,4,false),
    (830,10041,1,3,true),
    (831,10042,1,3,true),
    (832,10043,1,3,true),
    (833,10044,1,3,true),
    (834,10045,1,3,true),
    (835,10046,1,3,true),
    (836,10047,1,3,true),
    (837,10048,1,3,true),
    (838,10049,1,3,true),
    (839,10050,1,3,true),
    (841,10052,1,3,true),
    (842,10053,1,3,true),
    (843,10054,1,3,true),
    (844,10055,1,3,true),
    (845,10056,1,3,true),
    (846,10057,1,3,true),
    (847,10058,1,3,true),
    (848,10059,1,3,true),
    (849,10060,1,3,true),
    (850,10061,1,3,true),
    (852,10063,1,3,false),
    (853,10064,1,3,false),
    (854,10065,1,3,false),
    (855,10066,1,3,false),
    (856,10067,1,3,false),
    (857,10068,1,3,false),
    (858,10069,1,3,false),
    (859,10070,1,3,false),
    (860,10071,1,3,false),
    (862,10073,1,3,false),
    (863,10074,1,3,false),
    (864,10075,1,3,false),
    (865,10076,1,3,false),
    (866,10077,1,3,false),
    (868,10079,1,3,false),
    (869,10080,1,3,false),
    (870,10081,1,3,false),
    (871,10082,1,3,false),
    (872,10083,1,3,false),
    (873,10084,1,3,false),
    (874,10085,1,3,false),
    (875,10086,1,4,false),
    (876,10087,1,4,false),
    (877,10088,1,4,false),
    (878,10089,1,4,false),
    (879,10090,1,4,false),
    (880,10091,1,4,false),
    (881,10092,1,4,false),
    (882,10093,1,4,false),
    (883,10094,1,4,false),
    (884,10095,1,4,false),
    (886,10097,1,4,false),
    (887,10098,1,4,false),
    (888,10099,1,4,false),
    (889,10100,1,4,false),
    (891,10102,1,4,false),
    (892,10103,1,4,false),
    (893,10104,1,4,false),
    (894,10105,1,4,false),
    (895,10106,1,4,false),
    (896,70001,1,1,true),
    (897,70002,1,1,true);

-- ==============================================================================


-- ============================================
-- 1. Lecture Group 추가 (과목명 수식어 제거)
-- ============================================
INSERT INTO lecture_group (lecture_group_id, lecture_group_name)
VALUES
    (33, 'AI 중심세상');

-- ============================================
-- 2. Lecture 추가 (총 18개 분반)
-- ============================================
INSERT INTO lecture
(
    lecture_id, lecture_name, credit, course_classification, liberal_category,
    semester, lecture_year, grade, classroom, professor, course_code, lecture_group_id
)
VALUES
    (80001, 'AI 중심세상 (실시간화상강의)', 2, 'LIBERAL_REQUIREMENT', 'AI_BASIC', 2, 2026, 1, '화상강의강의실(가상)', null, '15290003', 33),
    (80002, 'AI 중심세상 (실시간화상강의)', 2, 'LIBERAL_REQUIREMENT', 'AI_BASIC', 2, 2026, 1, '화상강의강의실(가상)', null, '15290007', 33),
    (80003, 'AI 중심세상 (실시간화상강의)', 2, 'LIBERAL_REQUIREMENT', 'AI_BASIC', 2, 2026, 1, '화상강의강의실(가상)', null, '15290008', 33),
    (80004, 'AI 중심세상 (실시간화상강의)', 2, 'LIBERAL_REQUIREMENT', 'AI_BASIC', 2, 2026, 1, '화상강의강의실(가상)', '최재용', '15290010', 33),
    (80005, 'AI 중심세상 (실시간화상강의)', 2, 'LIBERAL_REQUIREMENT', 'AI_BASIC', 2, 2026, 1, '화상강의강의실(가상)', null, '15290012', 33),
    (80006, 'AI 중심세상 (실시간화상강의)', 2, 'LIBERAL_REQUIREMENT', 'AI_BASIC', 2, 2026, 1, '화상강의강의실(가상)', '전승호', '15290013', 33),
    (80007, 'AI 중심세상 (실시간화상강의)', 2, 'LIBERAL_REQUIREMENT', 'AI_BASIC', 2, 2026, 1, '화상강의강의실(가상)', null, '15290014', 33),
    (80008, 'AI 중심세상 (실시간화상강의)', 2, 'LIBERAL_REQUIREMENT', 'AI_BASIC', 2, 2026, 1, '화상강의강의실(가상)', null, '15290016', 33),
    (80009, 'AI 중심세상 (실시간화상강의)', 2, 'LIBERAL_REQUIREMENT', 'AI_BASIC', 2, 2026, 1, '화상강의강의실(가상)', null, '15290019', 33),
    (80010, 'AI 중심세상 (실시간화상강의)', 2, 'LIBERAL_REQUIREMENT', 'AI_BASIC', 2, 2026, 1, '화상강의강의실(가상)', '이정훈', '15290021', 33),
    (80011, 'AI 중심세상 (실시간화상강의)', 2, 'LIBERAL_REQUIREMENT', 'AI_BASIC', 2, 2026, 1, '화상강의강의실(가상)', null, '15290025', 33),
    (80012, 'AI 중심세상 (실시간화상강의)', 2, 'LIBERAL_REQUIREMENT', 'AI_BASIC', 2, 2026, 1, '화상강의강의실(가상)', null, '15290026', 33),
    (80013, 'AI 중심세상 (실시간화상강의)', 2, 'LIBERAL_REQUIREMENT', 'AI_BASIC', 2, 2026, 1, '화상강의강의실(가상)', '이주형', '15290030', 33),
    (80014, 'AI 중심세상 (실시간화상강의)', 2, 'LIBERAL_REQUIREMENT', 'AI_BASIC', 2, 2026, 1, '화상강의강의실(가상)', null, '15290033', 33),
    (80015, 'AI 중심세상 (실시간화상강의)', 2, 'LIBERAL_REQUIREMENT', 'AI_BASIC', 2, 2026, 1, '화상강의강의실(가상)', '김태규', '15290038', 33),
    (80016, 'AI 중심세상 (실시간화상강의)', 2, 'LIBERAL_REQUIREMENT', 'AI_BASIC', 2, 2026, 1, '화상강의강의실(가상)', '이형철', '15290039', 33),
    (80017, 'AI 중심세상 (실시간화상강의)', 2, 'LIBERAL_REQUIREMENT', 'AI_BASIC', 2, 2026, 1, '화상강의강의실(가상)', null, '15290041', 33),
    (80018, 'AI 중심세상 (실시간화상강의)', 2, 'LIBERAL_REQUIREMENT', 'AI_BASIC', 2, 2026, 1, '화상강의강의실(가상)', null, '15290042', 33);

-- ============================================
-- 3. Lecture Schedule 추가 (교시 -> 표준 시간 변환)
-- 1,2교시: 09:00~11:00 / 3,4교시: 11:00~13:00
-- 5,6교시: 13:00~15:00 / 7,8교시: 15:00~17:00
-- ============================================
INSERT INTO lecture_schedule (lecture_schedule_id, lecture_id, day_of_week, start_time, end_time)
VALUES
    (200000, 80001, 'THU', '09:00:00', '11:00:00'), -- 목1, 목2
    (200001, 80002, 'THU', '15:00:00', '17:00:00'), -- 목7, 목8
    (200002, 80003, 'FRI', '09:00:00', '11:00:00'), -- 금1, 금2
    (200003, 80004, 'FRI', '11:00:00', '13:00:00'), -- 금3, 금4
    (200004, 80005, 'MON', '15:00:00', '17:00:00'), -- 월7, 월8
    (200005, 80006, 'FRI', '11:00:00', '13:00:00'), -- 금3, 금4
    (200006, 80007, 'TUE', '09:00:00', '11:00:00'), -- 화1, 화2
    (200007, 80008, 'WED', '15:00:00', '17:00:00'), -- 수7, 수8
    (200008, 80009, 'THU', '15:00:00', '17:00:00'), -- 목7, 목8
    (200009, 80010, 'THU', '13:00:00', '15:00:00'), -- 목5, 목6
    (200010, 80011, 'MON', '15:00:00', '17:00:00'), -- 월7, 월8
    (200011, 80012, 'FRI', '09:00:00', '11:00:00'), -- 금1, 금2
    (200012, 80013, 'TUE', '15:00:00', '17:00:00'), -- 화7, 화8
    (200013, 80014, 'MON', '09:00:00', '11:00:00'), -- 월1, 월2
    (200014, 80015, 'TUE', '15:00:00', '17:00:00'), -- 화7, 화8
    (200015, 80016, 'THU', '13:00:00', '15:00:00'), -- 목5, 목6
    (200016, 80017, 'THU', '15:00:00', '17:00:00'), -- 목7, 목8
    (200017, 80018, 'FRI', '11:00:00', '13:00:00'); -- 금3, 금4

-- ============================================
-- 4. Curriculum 추가 (경영학과=1, 컴퓨터공학과=2 공통 필수 반영)
-- ============================================
INSERT INTO curriculum (curriculum_id, lecture_id, department_id, grade, requirement)
VALUES
    -- [경영학과 (department_id = 1)]
    (903, 80006, 1, 1, true),
    (913, 80018, 1, 1, true),

    -- [컴퓨터공학과 (department_id = 2)]
    (925, 80010, 2, 1, true),
    (931, 80016, 2, 1, true);



-- =====================================================================================



-- ============================================
-- 1. Lecture Group 추가
-- ============================================
INSERT INTO lecture_group (lecture_group_id, lecture_group_name)
VALUES
    (34, 'College English 2');

-- ============================================
-- 2. Lecture 추가 (총 36개 분반)
-- ============================================
INSERT INTO lecture
(
    lecture_id, lecture_name, credit, course_classification, liberal_category,
    semester, lecture_year, grade, classroom, professor, course_code, lecture_group_id
)
VALUES
    (80019, 'College English 2', 2, 'LIBERAL_REQUIREMENT', 'COMMUNICATION', 2, 2026, 1, '글로벌센터-301', 'Hannah Yoo', '13530001', 34),
    (80020, 'College English 2', 2, 'LIBERAL_REQUIREMENT', 'COMMUNICATION', 2, 2026, 1, '글로벌센터-104', 'Dwaine Charles Tinling', '13530002', 34),
    (80021, 'College English 2', 2, 'LIBERAL_REQUIREMENT', 'COMMUNICATION', 2, 2026, 1, '글로벌센터-111', 'Brandon Magnuson', '13530003', 34),
    (80022, 'College English 2', 2, 'LIBERAL_REQUIREMENT', 'COMMUNICATION', 2, 2026, 1, '글로벌센터-302', 'Scott Wayne Kines', '13530004', 34),
    (80023, 'College English 2', 2, 'LIBERAL_REQUIREMENT', 'COMMUNICATION', 2, 2026, 1, '글로벌센터-308', 'Joseph E. Tetrick', '13530005', 34),
    (80024, 'College English 2', 2, 'LIBERAL_REQUIREMENT', 'COMMUNICATION', 2, 2026, 1, '글로벌센터-103', 'Patrick T. Artz', '13530006', 34),
    (80025, 'College English 2', 2, 'LIBERAL_REQUIREMENT', 'COMMUNICATION', 2, 2026, 1, '글로벌센터-103', '박현아', '13530007', 34),
    (80026, 'College English 2', 2, 'LIBERAL_REQUIREMENT', 'COMMUNICATION', 2, 2026, 1, '글로벌센터-103', 'Patrick T. Artz', '13530008', 34),
    (80027, 'College English 2', 2, 'LIBERAL_REQUIREMENT', 'COMMUNICATION', 2, 2026, 1, '글로벌센터-207', 'Rachel Lynn Stotts', '13530010', 34),
    (80028, 'College English 2', 2, 'LIBERAL_REQUIREMENT', 'COMMUNICATION', 2, 2026, 1, '글로벌센터-104', 'Dwaine Charles Tinling', '13530011', 34),
    (80029, 'College English 2', 2, 'LIBERAL_REQUIREMENT', 'COMMUNICATION', 2, 2026, 1, '글로벌센터-105', 'Lawrence Minton', '13530012', 34),
    (80030, 'College English 2', 2, 'LIBERAL_REQUIREMENT', 'COMMUNICATION', 2, 2026, 1, '글로벌센터-301', 'Darren Yakey', '13530013', 34),
    (80031, 'College English 2', 2, 'LIBERAL_REQUIREMENT', 'COMMUNICATION', 2, 2026, 1, '글로벌센터-112', 'Dean Ronald Jorgensen', '13530014', 34),
    (80032, 'College English 2', 2, 'LIBERAL_REQUIREMENT', 'COMMUNICATION', 2, 2026, 1, '글로벌센터-103', '박현아', '13530015', 34),
    (80033, 'College English 2', 2, 'LIBERAL_REQUIREMENT', 'COMMUNICATION', 2, 2026, 1, '글로벌센터-305', 'Lawrence Minton', '13530016', 34),
    (80034, 'College English 2', 2, 'LIBERAL_REQUIREMENT', 'COMMUNICATION', 2, 2026, 1, '글로벌센터-308', 'Wendy Marie Alexander', '13530017', 34),
    (80035, 'College English 2', 2, 'LIBERAL_REQUIREMENT', 'COMMUNICATION', 2, 2026, 1, '글로벌센터-206', 'Jude Zacchaeus Wilson', '13530018', 34),
    (80036, 'College English 2', 2, 'LIBERAL_REQUIREMENT', 'COMMUNICATION', 2, 2026, 1, '글로벌센터-105', 'WILLIAMS JOHN LINCOLN', '13530019', 34),
    (80037, 'College English 2', 2, 'LIBERAL_REQUIREMENT', 'COMMUNICATION', 2, 2026, 1, '글로벌센터-104', 'Dwaine Charles Tinling', '13530020', 34),
    (80038, 'College English 2', 2, 'LIBERAL_REQUIREMENT', 'COMMUNICATION', 2, 2026, 1, '글로벌센터-206', 'Jude Zacchaeus Wilson', '13530021', 34),
    (80039, 'College English 2', 2, 'LIBERAL_REQUIREMENT', 'COMMUNICATION', 2, 2026, 1, '글로벌센터-104', 'Dwaine Charles Tinling', '13530022', 34),
    (80040, 'College English 2', 2, 'LIBERAL_REQUIREMENT', 'COMMUNICATION', 2, 2026, 1, '글로벌센터-206', 'Anthony Bale', '13530023', 34),
    (80041, 'College English 2', 2, 'LIBERAL_REQUIREMENT', 'COMMUNICATION', 2, 2026, 1, '글로벌센터-103', '박현아', '13530024', 34),
    (80042, 'College English 2', 2, 'LIBERAL_REQUIREMENT', 'COMMUNICATION', 2, 2026, 1, '글로벌센터-105', 'WILLIAMS JOHN LINCOLN', '13530026', 34),
    (80043, 'College English 2', 2, 'LIBERAL_REQUIREMENT', 'COMMUNICATION', 2, 2026, 1, '글로벌센터-111', 'Brandon Magnuson', '13530027', 34),
    (80044, 'College English 2', 2, 'LIBERAL_REQUIREMENT', 'COMMUNICATION', 2, 2026, 1, '글로벌센터-105', 'WILLIAMS JOHN LINCOLN', '13530028', 34),
    (80045, 'College English 2', 2, 'LIBERAL_REQUIREMENT', 'COMMUNICATION', 2, 2026, 1, '글로벌센터-103', '박현아', '13530029', 34),
    (80046, 'College English 2', 2, 'LIBERAL_REQUIREMENT', 'COMMUNICATION', 2, 2026, 1, '글로벌센터-103', 'Patrick T. Artz', '13530030', 34),
    (80047, 'College English 2', 2, 'LIBERAL_REQUIREMENT', 'COMMUNICATION', 2, 2026, 1, '글로벌센터-112', 'Amy Redding', '13530031', 34),
    (80048, 'College English 2', 2, 'LIBERAL_REQUIREMENT', 'COMMUNICATION', 2, 2026, 1, '글로벌센터-105', 'WILLIAMS JOHN LINCOLN', '13530032', 34),
    (80049, 'College English 2', 2, 'LIBERAL_REQUIREMENT', 'COMMUNICATION', 2, 2026, 1, '글로벌센터-111', 'Brandon Magnuson', '13530033', 34),
    (80050, 'College English 2', 2, 'LIBERAL_REQUIREMENT', 'COMMUNICATION', 2, 2026, 1, '글로벌센터-206', 'Anthony Bale', '13530034', 34),
    (80051, 'College English 2', 2, 'LIBERAL_REQUIREMENT', 'COMMUNICATION', 2, 2026, 1, '글로벌센터-111', 'Christian Vago', '13530035', 34),
    (80052, 'College English 2', 2, 'LIBERAL_REQUIREMENT', 'COMMUNICATION', 2, 2026, 1, '글로벌센터-206', 'Jude Zacchaeus Wilson', '13530038', 34),
    (80053, 'College English 2', 2, 'LIBERAL_REQUIREMENT', 'COMMUNICATION', 2, 2026, 1, '글로벌센터-111', 'Brandon Magnuson', '13530039', 34),
    (80054, 'College English 2', 2, 'LIBERAL_REQUIREMENT', 'COMMUNICATION', 2, 2026, 1, '글로벌센터-103', '박현아', '13530040', 34);

-- ============================================
-- 3. Lecture Schedule 추가 (표준 시간 변환)
-- ============================================
INSERT INTO lecture_schedule (lecture_schedule_id, lecture_id, day_of_week, start_time, end_time)
VALUES
    (200018, 80019, 'THU', '09:00:00', '11:00:00'), -- 목1, 목2
    (200019, 80020, 'FRI', '15:00:00', '17:00:00'), -- 금7, 금8
    (200020, 80021, 'MON', '11:00:00', '13:00:00'), -- 월3, 월4
    (200021, 80022, 'FRI', '13:00:00', '15:00:00'), -- 금5, 금6
    (200022, 80023, 'WED', '15:00:00', '17:00:00'), -- 수7, 수8
    (200023, 80024, 'WED', '09:00:00', '11:00:00'), -- 수1, 수2
    (200024, 80025, 'THU', '13:00:00', '15:00:00'), -- 목5, 목6
    (200025, 80026, 'FRI', '11:00:00', '13:00:00'), -- 금3, 금4
    (200026, 80027, 'MON', '11:00:00', '13:00:00'), -- 월3, 월4
    (200027, 80028, 'TUE', '11:00:00', '13:00:00'), -- 화3, 화4
    (200028, 80029, 'MON', '13:00:00', '15:00:00'), -- 월5, 월6
    (200029, 80030, 'MON', '13:00:00', '15:00:00'), -- 월5, 월6
    (200030, 80031, 'THU', '13:00:00', '15:00:00'), -- 목5, 목6
    (200031, 80032, 'MON', '15:00:00', '17:00:00'), -- 월7, 월8
    (200032, 80033, 'THU', '11:00:00', '13:00:00'), -- 목3, 목4
    (200033, 80034, 'THU', '11:00:00', '13:00:00'), -- 목3, 목4
    (200034, 80035, 'WED', '11:00:00', '13:00:00'), -- 수3, 수4
    (200035, 80036, 'WED', '11:00:00', '13:00:00'), -- 수3, 수4
    (200036, 80037, 'FRI', '13:00:00', '15:00:00'), -- 금5, 금6
    (200037, 80038, 'WED', '09:00:00', '11:00:00'), -- 수1, 수2
    (200038, 80039, 'TUE', '15:00:00', '17:00:00'), -- 화7, 화8
    (200039, 80040, 'TUE', '15:00:00', '17:00:00'), -- 화7, 화8
    (200040, 80041, 'TUE', '11:00:00', '13:00:00'), -- 화3, 화4
    (200041, 80042, 'THU', '11:00:00', '13:00:00'), -- 목3, 목4
    (200042, 80043, 'TUE', '09:00:00', '11:00:00'), -- 화1, 화2
    (200043, 80044, 'MON', '09:00:00', '11:00:00'), -- 월1, 월2
    (200044, 80045, 'WED', '15:00:00', '17:00:00'), -- 수7, 수8
    (200045, 80046, 'MON', '11:00:00', '13:00:00'), -- 월3, 월4
    (200046, 80047, 'MON', '13:00:00', '15:00:00'), -- 월5, 월6
    (200047, 80048, 'FRI', '09:00:00', '11:00:00'), -- 금1, 금2
    (200048, 80049, 'THU', '13:00:00', '15:00:00'), -- 목5, 목6
    (200049, 80050, 'MON', '15:00:00', '17:00:00'), -- 월7, 월8
    (200050, 80051, 'WED', '15:00:00', '17:00:00'), -- 수7, 수8
    (200051, 80052, 'TUE', '11:00:00', '13:00:00'), -- 화3, 화4
    (200052, 80053, 'WED', '11:00:00', '13:00:00'), -- 수3, 수4
    (200053, 80054, 'TUE', '15:00:00', '17:00:00'); -- 화7, 화8

-- ============================================
-- 4. Curriculum 추가 (경영학과=1, 컴퓨터공학과=2 공통 필수 반영)
-- ============================================
INSERT INTO curriculum (curriculum_id, lecture_id, department_id, grade, requirement)
VALUES
    -- [경영학과 (department_id = 1)]
    (934, 80019, 1, 1, true),
    (935, 80020, 1, 1, true),
    (936, 80021, 1, 1, true),
    (937, 80022, 1, 1, true),
    (938, 80023, 1, 1, true),
    (939, 80024, 1, 1, true),
    (940, 80025, 1, 1, true),
    (941, 80026, 1, 1, true),
    (942, 80027, 1, 1, true),
    (943, 80028, 1, 1, true),
    (944, 80029, 1, 1, true),
    (945, 80030, 1, 1, true),
    (946, 80031, 1, 1, true),
    (947, 80032, 1, 1, true),
    (948, 80033, 1, 1, true),
    (949, 80034, 1, 1, true),
    (950, 80035, 1, 1, true),
    (951, 80036, 1, 1, true),
    (952, 80037, 1, 1, true),
    (953, 80038, 1, 1, true),
    (954, 80039, 1, 1, true),
    (955, 80040, 1, 1, true),
    (956, 80041, 1, 1, true),
    (957, 80042, 1, 1, true),
    (958, 80043, 1, 1, true),
    (959, 80044, 1, 1, true),
    (960, 80045, 1, 1, true),
    (961, 80046, 1, 1, true),
    (962, 80047, 1, 1, true),
    (963, 80048, 1, 1, true),
    (964, 80049, 1, 1, true),
    (965, 80050, 1, 1, true),
    (966, 80051, 1, 1, true),
    (967, 80052, 1, 1, true),
    (968, 80053, 1, 1, true),
    (969, 80054, 1, 1, true),

    -- [컴퓨터공학과 (department_id = 2)]
    (970, 80019, 2, 1, true),
    (971, 80020, 2, 1, true),
    (972, 80021, 2, 1, true),
    (973, 80022, 2, 1, true),
    (974, 80023, 2, 1, true),
    (975, 80024, 2, 1, true),
    (976, 80025, 2, 1, true),
    (977, 80026, 2, 1, true),
    (978, 80027, 2, 1, true),
    (979, 80028, 2, 1, true),
    (980, 80029, 2, 1, true),
    (981, 80030, 2, 1, true),
    (982, 80031, 2, 1, true),
    (983, 80032, 2, 1, true),
    (984, 80033, 2, 1, true),
    (985, 80034, 2, 1, true),
    (986, 80035, 2, 1, true),
    (987, 80036, 2, 1, true),
    (988, 80037, 2, 1, true),
    (989, 80038, 2, 1, true),
    (990, 80039, 2, 1, true),
    (991, 80040, 2, 1, true),
    (992, 80041, 2, 1, true),
    (993, 80042, 2, 1, true),
    (994, 80043, 2, 1, true),
    (995, 80044, 2, 1, true),
    (996, 80045, 2, 1, true),
    (997, 80046, 2, 1, true),
    (998, 80047, 2, 1, true),
    (999, 80048, 2, 1, true),
    (1000, 80049, 2, 1, true),
    (1001, 80050, 2, 1, true),
    (1002, 80051, 2, 1, true),
    (1003, 80052, 2, 1, true),
    (1004, 80053, 2, 1, true),
    (1005, 80054, 2, 1, true);


-- ==========================================================================================
-- ============================================
-- 1. Lecture 추가 (총 52개 분반)
-- ============================================
INSERT INTO lecture
(
    lecture_id, lecture_name, credit, course_classification, liberal_category,
    semester, lecture_year, grade, classroom, professor, course_code, lecture_group_id
)
VALUES
    (80055, 'College English 2', 2, 'LIBERAL_REQUIREMENT', 'COMMUNICATION', 2, 2026, 1, '글로벌센터-111', 'Christian Vago', '13530041', 34),
    (80056, 'College English 2', 2, 'LIBERAL_REQUIREMENT', 'COMMUNICATION', 2, 2026, 1, '글로벌센터-303', 'David Webster', '13530042', 34),
    (80057, 'College English 2', 2, 'LIBERAL_REQUIREMENT', 'COMMUNICATION', 2, 2026, 1, '글로벌센터-103', '박현아', '13530043', 34),
    (80058, 'College English 2', 2, 'LIBERAL_REQUIREMENT', 'COMMUNICATION', 2, 2026, 1, '글로벌센터-105', 'WILLIAMS JOHN LINCOLN', '13530044', 34),
    (80059, 'College English 2', 2, 'LIBERAL_REQUIREMENT', 'COMMUNICATION', 2, 2026, 1, '글로벌센터-104', 'Dwaine Charles Tinling', '13530045', 34),
    (80060, 'College English 2', 2, 'LIBERAL_REQUIREMENT', 'COMMUNICATION', 2, 2026, 1, '글로벌센터-111', 'Christian Vago', '13530046', 34),
    (80061, 'College English 2', 2, 'LIBERAL_REQUIREMENT', 'COMMUNICATION', 2, 2026, 1, '글로벌센터-303', 'David Webster', '13530047', 34),
    (80062, 'College English 2', 2, 'LIBERAL_REQUIREMENT', 'COMMUNICATION', 2, 2026, 1, '글로벌센터-206', 'Anthony Bale', '13530048', 34),
    (80063, 'College English 2', 2, 'LIBERAL_REQUIREMENT', 'COMMUNICATION', 2, 2026, 1, '글로벌센터-301', 'Jude Zacchaeus Wilson', '13530049', 34),
    (80064, 'College English 2', 2, 'LIBERAL_REQUIREMENT', 'COMMUNICATION', 2, 2026, 1, '글로벌센터-111', 'Brandon Magnuson', '13530050', 34),
    (80065, 'College English 2', 2, 'LIBERAL_REQUIREMENT', 'COMMUNICATION', 2, 2026, 1, '글로벌센터-206', 'Anthony Bale', '13530053', 34),
    (80066, 'College English 2', 2, 'LIBERAL_REQUIREMENT', 'COMMUNICATION', 2, 2026, 1, '글로벌센터-105', 'WILLIAMS JOHN LINCOLN', '13530054', 34),
    (80067, 'College English 2', 2, 'LIBERAL_REQUIREMENT', 'COMMUNICATION', 2, 2026, 1, '글로벌센터-304', 'Darren Yakey', '13530055', 34),
    (80068, 'College English 2', 2, 'LIBERAL_REQUIREMENT', 'COMMUNICATION', 2, 2026, 1, '글로벌센터-112', 'Dean Ronald Jorgensen', '13530056', 34),
    (80069, 'College English 2', 2, 'LIBERAL_REQUIREMENT', 'COMMUNICATION', 2, 2026, 1, '글로벌센터-105', 'WILLIAMS JOHN LINCOLN', '13530057', 34),
    (80070, 'College English 2', 2, 'LIBERAL_REQUIREMENT', 'COMMUNICATION', 2, 2026, 1, '글로벌센터-305', 'Lawrence Minton', '13530058', 34),
    (80071, 'College English 2', 2, 'LIBERAL_REQUIREMENT', 'COMMUNICATION', 2, 2026, 1, '글로벌센터-310', 'Kevin John Leeder', '13530059', 34),
    (80072, 'College English 2', 2, 'LIBERAL_REQUIREMENT', 'COMMUNICATION', 2, 2026, 1, '글로벌센터-111', 'Brandon Magnuson', '13530060', 34),
    (80073, 'College English 2', 2, 'LIBERAL_REQUIREMENT', 'COMMUNICATION', 2, 2026, 1, '글로벌센터-305', 'Lawrence Minton', '13530061', 34),
    (80074, 'College English 2', 2, 'LIBERAL_REQUIREMENT', 'COMMUNICATION', 2, 2026, 1, '글로벌센터-306', 'BUSA JI H', '13530062', 34),
    (80075, 'College English 2', 2, 'LIBERAL_REQUIREMENT', 'COMMUNICATION', 2, 2026, 1, '글로벌센터-308', 'Wendy Marie Alexander', '13530063', 34),
    (80076, 'College English 2', 2, 'LIBERAL_REQUIREMENT', 'COMMUNICATION', 2, 2026, 1, '글로벌센터-310', 'Kevin John Leeder', '13530064', 34),
    (80077, 'College English 2', 2, 'LIBERAL_REQUIREMENT', 'COMMUNICATION', 2, 2026, 1, '글로벌센터-103', 'Patrick T. Artz', '13530065', 34),
    (80078, 'College English 2', 2, 'LIBERAL_REQUIREMENT', 'COMMUNICATION', 2, 2026, 1, '글로벌센터-105', 'WILLIAMS JOHN LINCOLN', '13530066', 34),
    (80079, 'College English 2', 2, 'LIBERAL_REQUIREMENT', 'COMMUNICATION', 2, 2026, 1, '글로벌센터-207', 'Rachel Lynn Stotts', '13530067', 34),
    (80080, 'College English 2', 2, 'LIBERAL_REQUIREMENT', 'COMMUNICATION', 2, 2026, 1, '글로벌센터-303', 'Angelo Apostolakis', '13530068', 34),
    (80081, 'College English 2', 2, 'LIBERAL_REQUIREMENT', 'COMMUNICATION', 2, 2026, 1, '글로벌센터-304', 'Darren Yakey', '13530069', 34),
    (80082, 'College English 2', 2, 'LIBERAL_REQUIREMENT', 'COMMUNICATION', 2, 2026, 1, '글로벌센터-306', 'BUSA JI H', '13530070', 34),
    (80083, 'College English 2', 2, 'LIBERAL_REQUIREMENT', 'COMMUNICATION', 2, 2026, 1, '글로벌센터-301', 'Hannah Yoo', '13530071', 34),
    (80084, 'College English 2', 2, 'LIBERAL_REQUIREMENT', 'COMMUNICATION', 2, 2026, 1, '글로벌센터-306', 'Kevin John Leeder', '13530072', 34),
    (80085, 'College English 2', 2, 'LIBERAL_REQUIREMENT', 'COMMUNICATION', 2, 2026, 1, '글로벌센터-207', 'Rachel Lynn Stotts', '13530078', 34),
    (80086, 'College English 2', 2, 'LIBERAL_REQUIREMENT', 'COMMUNICATION', 2, 2026, 1, '글로벌센터-302', 'Scott Wayne Kines', '13530079', 34),
    (80087, 'College English 2', 2, 'LIBERAL_REQUIREMENT', 'COMMUNICATION', 2, 2026, 1, '글로벌센터-305', 'Lawrence Minton', '13530080', 34),
    (80088, 'College English 2', 2, 'LIBERAL_REQUIREMENT', 'COMMUNICATION', 2, 2026, 1, '글로벌센터-307', 'Amy Redding', '13530081', 34),
    (80089, 'College English 2', 2, 'LIBERAL_REQUIREMENT', 'COMMUNICATION', 2, 2026, 1, '글로벌센터-308', 'Wendy Marie Alexander', '13530082', 34),
    (80090, 'College English 2', 2, 'LIBERAL_REQUIREMENT', 'COMMUNICATION', 2, 2026, 1, '글로벌센터-310', 'Kevin John Leeder', '13530083', 34),
    (80091, 'College English 2', 2, 'LIBERAL_REQUIREMENT', 'COMMUNICATION', 2, 2026, 1, '글로벌센터-103', '박현아', '13530084', 34),
    (80092, 'College English 2', 2, 'LIBERAL_REQUIREMENT', 'COMMUNICATION', 2, 2026, 1, '글로벌센터-305', '유정윤', '13530085', 34),
    (80093, 'College English 2', 2, 'LIBERAL_REQUIREMENT', 'COMMUNICATION', 2, 2026, 1, '글로벌센터-308', 'Joseph E. Tetrick', '13530086', 34),
    (80094, 'College English 2', 2, 'LIBERAL_REQUIREMENT', 'COMMUNICATION', 2, 2026, 1, '글로벌센터-309', 'James Edmund Pullen', '13530087', 34),
    (80095, 'College English 2', 2, 'LIBERAL_REQUIREMENT', 'COMMUNICATION', 2, 2026, 1, '글로벌센터-112', 'Brandon Magnuson', '13530088', 34),
    (80096, 'College English 2', 2, 'LIBERAL_REQUIREMENT', 'COMMUNICATION', 2, 2026, 1, '글로벌센터-308', 'Joseph E. Tetrick', '13530089', 34),
    (80097, 'College English 2', 2, 'LIBERAL_REQUIREMENT', 'COMMUNICATION', 2, 2026, 1, '글로벌센터-308', 'Joseph E. Tetrick', '13530090', 34),
    (80098, 'College English 2', 2, 'LIBERAL_REQUIREMENT', 'COMMUNICATION', 2, 2026, 1, null, 'James Edmund Pullen', '13530091', 34),
    (80099, 'College English 2', 2, 'LIBERAL_REQUIREMENT', 'COMMUNICATION', 2, 2026, 1, '글로벌센터-206', 'Anthony Bale', '13530092', 34),
    (80100, 'College English 2', 2, 'LIBERAL_REQUIREMENT', 'COMMUNICATION', 2, 2026, 1, '글로벌센터-303', 'David Webster', '13530093', 34),
    (80101, 'College English 2', 2, 'LIBERAL_REQUIREMENT', 'COMMUNICATION', 2, 2026, 1, '글로벌센터-112', 'Brandon Magnuson', '13530094', 34),
    (80102, 'College English 2', 2, 'LIBERAL_REQUIREMENT', 'COMMUNICATION', 2, 2026, 1, '글로벌센터-309', 'James Edmund Pullen', '13530095', 34),
    (80103, 'College English 2', 2, 'LIBERAL_REQUIREMENT', 'COMMUNICATION', 2, 2026, 1, '글로벌센터-302', 'Scott Wayne Kines', '13530097', 34),
    (80104, 'College English 2', 2, 'LIBERAL_REQUIREMENT', 'COMMUNICATION', 2, 2026, 1, '글로벌센터-309', 'James Edmund Pullen', '13530098', 34),
    (80105, 'College English 2', 2, 'LIBERAL_REQUIREMENT', 'COMMUNICATION', 2, 2026, 1, '글로벌센터-104', 'Dwaine Charles Tinling', '13530099', 34),
    (80106, 'College English 2', 2, 'LIBERAL_REQUIREMENT', 'COMMUNICATION', 2, 2026, 1, '글로벌센터-207', 'Rachel Lynn Stotts', '13530100', 34);

-- ============================================
-- 2. Lecture Schedule 추가 (표준 시간 변환)
-- ============================================
INSERT INTO lecture_schedule (lecture_schedule_id, lecture_id, day_of_week, start_time, end_time)
VALUES
    (200054, 80055, 'MON', '13:00:00', '15:00:00'), -- 월5, 월6
    (200055, 80056, 'MON', '13:00:00', '15:00:00'), -- 월5, 월6
    (200056, 80057, 'TUE', '13:00:00', '15:00:00'), -- 화5, 화6
    (200057, 80058, 'FRI', '13:00:00', '15:00:00'), -- 금5, 금6
    (200058, 80059, 'WED', '13:00:00', '15:00:00'), -- 수5, 수6
    (200059, 80060, 'MON', '15:00:00', '17:00:00'), -- 월7, 월8
    (200060, 80061, 'MON', '15:00:00', '17:00:00'), -- 월7, 월8
    (200061, 80062, 'FRI', '15:00:00', '17:00:00'), -- 금7, 금8
    (200062, 80063, 'TUE', '13:00:00', '15:00:00'), -- 화5, 화6
    (200063, 80064, 'WED', '09:00:00', '11:00:00'), -- 수1, 수2
    (200064, 80065, 'FRI', '13:00:00', '15:00:00'), -- 금5, 금6
    (200065, 80066, 'THU', '09:00:00', '11:00:00'), -- 목1, 목2
    (200066, 80067, 'FRI', '11:00:00', '13:00:00'), -- 금3, 금4
    (200067, 80068, 'WED', '09:00:00', '11:00:00'), -- 수1, 수2
    (200068, 80069, 'WED', '09:00:00', '11:00:00'), -- 수1, 수2
    (200069, 80070, 'FRI', '11:00:00', '13:00:00'), -- 금3, 금4
    (200070, 80071, 'FRI', '11:00:00', '13:00:00'), -- 금3, 금4
    (200071, 80072, 'THU', '09:00:00', '11:00:00'), -- 목1, 목2
    (200072, 80073, 'THU', '09:00:00', '11:00:00'), -- 목1, 목2
    (200073, 80074, 'THU', '09:00:00', '11:00:00'), -- 목1, 목2
    (200074, 80075, 'THU', '09:00:00', '11:00:00'), -- 목1, 목2
    (200075, 80076, 'THU', '09:00:00', '11:00:00'), -- 목1, 목2
    (200076, 80077, 'TUE', '09:00:00', '11:00:00'), -- 화1, 화2
    (200077, 80078, 'TUE', '09:00:00', '11:00:00'), -- 화1, 화2
    (200078, 80079, 'TUE', '09:00:00', '11:00:00'), -- 화1, 화2
    (200079, 80080, 'TUE', '09:00:00', '11:00:00'), -- 화1, 화2
    (200080, 80081, 'TUE', '09:00:00', '11:00:00'), -- 화1, 화2
    (200081, 80082, 'TUE', '09:00:00', '11:00:00'), -- 화1, 화2
    (200082, 80083, 'FRI', '13:00:00', '15:00:00'), -- 금5, 금6
    (200083, 80084, 'FRI', '13:00:00', '15:00:00'), -- 금5, 금6
    (200084, 80085, 'WED', '09:00:00', '11:00:00'), -- 수1, 수2
    (200085, 80086, 'WED', '13:00:00', '15:00:00'), -- 수5, 수6
    (200086, 80087, 'WED', '09:00:00', '11:00:00'), -- 수1, 수2
    (200087, 80088, 'WED', '09:00:00', '11:00:00'), -- 수1, 수2
    (200088, 80089, 'WED', '09:00:00', '11:00:00'), -- 수1, 수2
    (200089, 80090, 'WED', '09:00:00', '11:00:00'), -- 수1, 수2
    (200090, 80091, 'WED', '13:00:00', '15:00:00'), -- 수5, 수6
    (200091, 80092, 'WED', '13:00:00', '15:00:00'), -- 수5, 수6
    (200092, 80093, 'WED', '13:00:00', '15:00:00'), -- 수5, 수6
    (200093, 80094, 'WED', '13:00:00', '15:00:00'), -- 수5, 수6
    (200094, 80095, 'TUE', '13:00:00', '15:00:00'), -- 화5, 화6
    (200095, 80096, 'FRI', '15:00:00', '17:00:00'), -- 금7, 금8
    (200096, 80097, 'MON', '15:00:00', '17:00:00'), -- 월7, 월8
    (200097, 80098, 'MON', '15:00:00', '17:00:00'), -- 월7, 월8
    (200098, 80099, 'WED', '13:00:00', '15:00:00'), -- 수5, 수6
    (200099, 80100, 'WED', '13:00:00', '15:00:00'), -- 수5, 수6
    (200100, 80101, 'FRI', '13:00:00', '15:00:00'), -- 금5, 금6
    (200101, 80102, 'TUE', '13:00:00', '15:00:00'), -- 화5, 화6
    (200102, 80103, 'TUE', '15:00:00', '17:00:00'), -- 화7, 화8
    (200103, 80104, 'TUE', '15:00:00', '17:00:00'), -- 화7, 화8
    (200104, 80105, 'MON', '13:00:00', '15:00:00'), -- 월5, 월6
    (200105, 80106, 'WED', '11:00:00', '13:00:00'); -- 수3, 수4

-- ============================================
-- 3. Curriculum 추가 (경영학과=1, 컴퓨터공학과=2 공통 필수 반영)
-- ============================================
INSERT INTO curriculum (curriculum_id, lecture_id, department_id, grade, requirement)
VALUES
    -- [경영학과 (department_id = 1)]
    (1006, 80055, 1, 1, true),
    (1007, 80056, 1, 1, true),
    (1008, 80057, 1, 1, true),
    (1009, 80058, 1, 1, true),
    (1010, 80059, 1, 1, true),
    (1011, 80060, 1, 1, true),
    (1012, 80061, 1, 1, true),
    (1013, 80062, 1, 1, true),
    (1014, 80063, 1, 1, true),
    (1015, 80064, 1, 1, true),
    (1016, 80065, 1, 1, true),
    (1017, 80066, 1, 1, true),
    (1018, 80067, 1, 1, true),
    (1019, 80068, 1, 1, true),
    (1020, 80069, 1, 1, true),
    (1021, 80070, 1, 1, true),
    (1022, 80071, 1, 1, true),
    (1023, 80072, 1, 1, true),
    (1024, 80073, 1, 1, true),
    (1025, 80074, 1, 1, true),
    (1026, 80075, 1, 1, true),
    (1027, 80076, 1, 1, true),
    (1028, 80077, 1, 1, true),
    (1029, 80078, 1, 1, true),
    (1030, 80079, 1, 1, true),
    (1031, 80080, 1, 1, true),
    (1032, 80081, 1, 1, true),
    (1033, 80082, 1, 1, true),
    (1034, 80083, 1, 1, true),
    (1035, 80084, 1, 1, true),
    (1036, 80085, 1, 1, true),
    (1037, 80086, 1, 1, true),
    (1038, 80087, 1, 1, true),
    (1039, 80088, 1, 1, true),
    (1040, 80089, 1, 1, true),
    (1041, 80090, 1, 1, true),
    (1042, 80091, 1, 1, true),
    (1043, 80092, 1, 1, true),
    (1044, 80093, 1, 1, true),
    (1045, 80094, 1, 1, true),
    (1046, 80095, 1, 1, true),
    (1047, 80096, 1, 1, true),
    (1048, 80097, 1, 1, true),
    (1049, 80098, 1, 1, true),
    (1050, 80099, 1, 1, true),
    (1051, 80100, 1, 1, true),
    (1052, 80101, 1, 1, true),
    (1053, 80102, 1, 1, true),
    (1054, 80103, 1, 1, true),
    (1055, 80104, 1, 1, true),
    (1056, 80105, 1, 1, true),
    (1057, 80106, 1, 1, true),

    -- [컴퓨터공학과 (department_id = 2)]
    (1058, 80055, 2, 1, true),
    (1059, 80056, 2, 1, true),
    (1060, 80057, 2, 1, true),
    (1061, 80058, 2, 1, true),
    (1062, 80059, 2, 1, true),
    (1063, 80060, 2, 1, true),
    (1064, 80061, 2, 1, true),
    (1065, 80062, 2, 1, true),
    (1066, 80063, 2, 1, true),
    (1067, 80064, 2, 1, true),
    (1068, 80065, 2, 1, true),
    (1069, 80066, 2, 1, true),
    (1070, 80067, 2, 1, true),
    (1071, 80068, 2, 1, true),
    (1072, 80069, 2, 1, true),
    (1073, 80070, 2, 1, true),
    (1074, 80071, 2, 1, true),
    (1075, 80072, 2, 1, true),
    (1076, 80073, 2, 1, true),
    (1077, 80074, 2, 1, true),
    (1078, 80075, 2, 1, true),
    (1079, 80076, 2, 1, true),
    (1080, 80077, 2, 1, true),
    (1081, 80078, 2, 1, true),
    (1082, 80079, 2, 1, true),
    (1083, 80080, 2, 1, true),
    (1084, 80081, 2, 1, true),
    (1085, 80082, 2, 1, true),
    (1086, 80083, 2, 1, true),
    (1087, 80084, 2, 1, true),
    (1088, 80085, 2, 1, true),
    (1089, 80086, 2, 1, true),
    (1090, 80087, 2, 1, true),
    (1091, 80088, 2, 1, true),
    (1092, 80089, 2, 1, true),
    (1093, 80090, 2, 1, true),
    (1094, 80091, 2, 1, true),
    (1095, 80092, 2, 1, true),
    (1096, 80093, 2, 1, true),
    (1097, 80094, 2, 1, true),
    (1098, 80095, 2, 1, true),
    (1099, 80096, 2, 1, true),
    (1100, 80097, 2, 1, true),
    (1101, 80098, 2, 1, true),
    (1102, 80099, 2, 1, true),
    (1103, 80100, 2, 1, true),
    (1104, 80101, 2, 1, true),
    (1105, 80102, 2, 1, true),
    (1106, 80103, 2, 1, true),
    (1107, 80104, 2, 1, true),
    (1108, 80105, 2, 1, true),
    (1109, 80106, 2, 1, true);


-- ===========================================================================================


-- ============================================
-- 1. Lecture Group 추가 (괄호 수식어 제거 기준 병합)
-- ============================================
INSERT INTO lecture_group (lecture_group_id, lecture_group_name)
VALUES
    (35, '비즈니스와 통계');

-- ============================================
-- 2. Lecture 추가 (총 7개 분반, 3학점)
-- ============================================
INSERT INTO lecture
(
    lecture_id, lecture_name, credit, course_classification, liberal_category,
    semester, lecture_year, grade, classroom, professor, course_code, lecture_group_id
)
VALUES
    (80150, '비즈니스와 통계', 3, 'MAJOR_REQUIREMENT', null, 2, 2026, 1, '가천관-712', '박성준', '15694001', 35),
    (80151, '비즈니스와 통계', 3, 'MAJOR_REQUIREMENT', null, 2, 2026, 1, '가천관-712', '박성준', '15694002', 35),
    (80152, '비즈니스와 통계', 3, 'MAJOR_REQUIREMENT', null, 2, 2026, 1, '가천관-712', '노혜영', '15694003', 35),
    (80153, '비즈니스와 통계', 3, 'MAJOR_REQUIREMENT', null, 2, 2026, 1, '가천관-712', '남호헌', '15694004', 35),
    (80154, '비즈니스와 통계', 3, 'MAJOR_REQUIREMENT', null, 2, 2026, 1, '가천관-715', '문영인', '15694005', 35),
    (80155, '비즈니스와 통계', 3, 'MAJOR_REQUIREMENT', null, 2, 2026, 1, '가천관-715', '양숙희', '15694006', 35),
    (80156, '비즈니스와 통계 (실시간화상강의)', 3, 'MAJOR_REQUIREMENT', null, 2, 2026, 1, '화상강의강의실(가상)', '오주현', '15694008', 35);

-- ============================================
-- 3. Lecture Schedule 추가 (3시간 과목 요일/교시 분할 변환)
-- 1,2교시(09~11), 1교시(09~10), 3,4교시(11~13), 4,5,6교시(12~15),
-- 5,6,7교시(13~16), 8,9교시(16~18), 9교시(17~18) 기준
-- ============================================
INSERT INTO lecture_schedule (lecture_schedule_id, lecture_id, day_of_week, start_time, end_time)
VALUES
    -- [80150] 월1, 월2, 화1
    (200149, 80150, 'MON', '09:00:00', '11:00:00'), -- 월1, 월2
    (200150, 80150, 'TUE', '09:00:00', '10:00:00'), -- 화1

    -- [80151] 월9, 화8, 화9
    (200151, 80151, 'MON', '17:00:00', '18:00:00'), -- 월9
    (200152, 80151, 'TUE', '16:00:00', '18:00:00'), -- 화8, 화9

    -- [80152] 화5, 화6, 화7
    (200153, 80152, 'TUE', '13:00:00', '16:00:00'), -- 화5, 화6, 화7

    -- [80153] 목5, 목6, 목7
    (200154, 80153, 'THU', '13:00:00', '16:00:00'), -- 목5, 목6, 목7

    -- [80154] 금5, 금6, 금7
    (200155, 80154, 'FRI', '13:00:00', '16:00:00'), -- 금5, 금6, 금7

    -- [80155] 수4, 수5, 수6
    (200156, 80155, 'WED', '12:00:00', '15:00:00'), -- 수4, 수5, 수6

    -- [80156] 수4, 수5, 수6
    (200157, 80156, 'WED', '12:00:00', '15:00:00'); -- 수4, 수5, 수6

-- ============================================
-- 4. Curriculum 추가 (경영학과=1, 컴퓨터공학과=2 공통 필수 반영)
-- ============================================
INSERT INTO curriculum (curriculum_id, lecture_id, department_id, grade, requirement)
VALUES
    -- [경영학과 (department_id = 1)]
    (1196, 80150, 1, 1, true),
    (1197, 80151, 1, 1, true),
    (1198, 80152, 1, 1, true),
    (1199, 80153, 1, 1, true),
    (1200, 80154, 1, 1, true),
    (1201, 80155, 1, 1, true),
    (1202, 80156, 1, 1, true);



CREATE TABLE IF NOT EXISTS email_verifications (
                                                   email_verification_id BIGINT AUTO_INCREMENT PRIMARY KEY,
                                                   email VARCHAR(255) NOT NULL UNIQUE,
    verification_code VARCHAR(6) NOT NULL,
    expires_at DATETIME(6) NOT NULL,
    verified BOOLEAN NOT NULL,
    created_at DATETIME(6) NOT NULL,
    updated_at DATETIME(6) NOT NULL
    );


INSERT INTO email_verifications (
    email_verification_id,
    email,
    verification_code,
    expires_at,
    verified,
    created_at,
    updated_at
)
VALUES (
           1,
           'student@gachon.ac.kr',
           '111111',
           DATE_ADD(NOW(), INTERVAL 100000 HOUR),
           true,
           NOW(),
           NOW()
       )
    ON DUPLICATE KEY UPDATE
                         verification_code = '111111',
                         verified = true,
                         expires_at = DATE_ADD(NOW(), INTERVAL 100000 HOUR),
                         updated_at = NOW();



CREATE TABLE IF NOT EXISTS users (
                                     user_id BIGINT AUTO_INCREMENT PRIMARY KEY,
                                     department_id BIGINT NOT NULL,
                                     student_id BIGINT NOT NULL,
                                     email VARCHAR(255) NOT NULL UNIQUE,
    password VARCHAR(255) NOT NULL,
    grade INT NOT NULL,
    email_verified BOOLEAN NOT NULL,
    created_at DATETIME(6) NOT NULL,
    updated_at DATETIME(6) NOT NULL,
    deleted_at DATETIME(6) NULL
    );


INSERT INTO users (
    user_id,
    department_id,
    student_id,
    email,
    password,
    grade,
    email_verified,
    created_at,
    updated_at,
    deleted_at
)
VALUES (
           1,
           1,
           202612345,
           'student@gachon.ac.kr',
           '$2a$12$qXfrOTVa6KDsuVUmKhjcq.xZ76MN5Zkd6FW1.mVJlgBCYIgIwQ/42', -- '1234'의 BCrypt 암호화 해시값
           4,
           true,
           NOW(),
           NOW(),
           NULL
       )
    ON DUPLICATE KEY UPDATE
                         password = '$2a$12$qXfrOTVa6KDsuVUmKhjcq.xZ76MN5Zkd6FW1.mVJlgBCYIgIwQ/42',
                         email_verified = true,
                         updated_at = NOW();



-- ============================================
-- 1. Lecture Group 추가 (괄호 수식어 제거 기준 병합)
-- ============================================
INSERT INTO lecture_group (lecture_group_id, lecture_group_name)
VALUES
    (36, 'C언어');

-- ============================================
-- 2. Lecture 추가 (컴퓨터공학과 1학년 2학기 전공필수, 총 6개 분반)
-- ============================================
INSERT INTO lecture
(
    lecture_id, lecture_name, credit, course_classification, liberal_category,
    semester, lecture_year, grade, classroom, professor, course_code, lecture_group_id
)
VALUES
    (80157, 'C언어', 3, 'MAJOR_REQUIREMENT', null, 2, 2026, 1, 'AI관-302', '오기욱', '13978001', 36),
    (80158, 'C언어', 3, 'MAJOR_REQUIREMENT', null, 2, 2026, 1, 'AI관-415', '오기욱', '13978002', 36),
    (80159, 'C언어', 3, 'MAJOR_REQUIREMENT', null, 2, 2026, 1, 'AI관-306', '오상엽', '13978003', 36),
    (80160, 'C언어 (실시간화상강의)', 3, 'MAJOR_REQUIREMENT', null, 2, 2026, 1, '화상강의강의실(가상)', '조진수', '13978004', 36),
    (80161, 'C언어 (실시간화상강의)', 3, 'MAJOR_REQUIREMENT', null, 2, 2026, 1, '화상강의강의실(가상)', '조진수', '13978005', 36),
    (80162, 'C언어 (실시간화상강의)', 3, 'MAJOR_REQUIREMENT', null, 2, 2026, 1, '화상강의강의실(가상)', '김창복', '13978006', 36);

-- ============================================
-- 3. Lecture Schedule 추가 (교시 -> 표준 시간 변환)
-- ============================================
INSERT INTO lecture_schedule (lecture_schedule_id, lecture_id, day_of_week, start_time, end_time)
VALUES
    (200158, 80157, 'MON', '12:00:00', '13:00:00'), -- 월4,화4~화5
    (200159, 80157, 'TUE', '12:00:00', '14:00:00'), -- 월4,화4~화5
    (200160, 80158, 'THU', '16:00:00', '17:00:00'), -- 목8,금7~금8
    (200161, 80158, 'FRI', '15:00:00', '17:00:00'), -- 목8,금7~금8
    (200162, 80159, 'MON', '11:00:00', '12:00:00'), -- 월3,화2~화3
    (200163, 80159, 'TUE', '10:00:00', '12:00:00'), -- 월3,화2~화3
    (200164, 80160, 'MON', '12:00:00', '14:00:00'), -- 월4~월5,수1
    (200165, 80160, 'WED', '09:00:00', '10:00:00'), -- 월4~월5,수1
    (200166, 80161, 'TUE', '13:00:00', '15:00:00'), -- 화5~화6,수4
    (200167, 80161, 'WED', '12:00:00', '13:00:00'), -- 화5~화6,수4
    (200168, 80162, 'TUE', '16:00:00', '17:00:00'), -- 화8,수5~수6
    (200169, 80162, 'WED', '13:00:00', '15:00:00'); -- 화8,수5~수6

-- ============================================
-- 4. Curriculum 추가 (컴퓨터공학과=2, 1학년 2학기 전공필수)
-- ============================================
INSERT INTO curriculum (curriculum_id, lecture_id, department_id, grade, requirement)
VALUES
    (1203, 80157, 2, 1, true),
    (1204, 80158, 2, 1, true),
    (1205, 80159, 2, 1, true),
    (1206, 80160, 2, 1, true),
    (1207, 80161, 2, 1, true),
    (1208, 80162, 2, 1, true);


-- ============================================
-- 1. Lecture Group 추가
-- ============================================
INSERT INTO lecture_group (lecture_group_id, lecture_group_name)
VALUES
    (37, '이산수학');

-- ============================================
-- 2. Lecture 추가 (컴퓨터공학과 전공선택, 총 8개 분반)
-- 학년(grade)은 명시 안 되어 C언어와 동일하게 1학년으로 가정
-- ============================================
INSERT INTO lecture
(
    lecture_id, lecture_name, credit, course_classification, liberal_category,
    semester, lecture_year, grade, classroom, professor, course_code, lecture_group_id
)
VALUES
    (80163, '이산수학', 3, 'MAJOR_ELECTIVE', null, 2, 2026, 1, 'AI관-305', '엄인옥', '15080001', 37),
    (80164, '이산수학', 3, 'MAJOR_ELECTIVE', null, 2, 2026, 1, 'AI관-508', '윤유림', '09392001', 37),
    (80165, '이산수학', 3, 'MAJOR_ELECTIVE', null, 2, 2026, 1, 'AI관-508', '윤유림', '09392002', 37),
    (80166, '이산수학', 3, 'MAJOR_ELECTIVE', null, 2, 2026, 1, 'AI관-307', '김승태', '09392003', 37),
    (80167, '이산수학', 3, 'MAJOR_ELECTIVE', null, 2, 2026, 1, 'AI관-415', '이경복', '09392004', 37),
    (80168, '이산수학', 3, 'MAJOR_ELECTIVE', null, 2, 2026, 1, 'AI관-510', '정태수', '09392005', 37),
    (80169, '이산수학', 3, 'MAJOR_ELECTIVE', null, 2, 2026, 1, 'AI관-306', '황재천', '09392006', 37),
    (80170, '이산수학', 3, 'MAJOR_ELECTIVE', null, 2, 2026, 1, 'AI관-510', '이경복', '09392007', 37);

-- ============================================
-- 3. Lecture Schedule 추가 (교시 -> 표준 시간 변환)
-- ============================================
INSERT INTO lecture_schedule (lecture_schedule_id, lecture_id, day_of_week, start_time, end_time)
VALUES
    (200170, 80163, 'FRI', '12:00:00', '15:00:00'), -- 금4~금6
    (200171, 80164, 'WED', '13:00:00', '15:00:00'), -- 수5~수6,금5
    (200172, 80164, 'FRI', '13:00:00', '14:00:00'), -- 수5~수6,금5
    (200173, 80165, 'WED', '15:00:00', '16:00:00'), -- 수7,금6~금7
    (200174, 80165, 'FRI', '14:00:00', '16:00:00'), -- 수7,금6~금7
    (200175, 80166, 'THU', '15:00:00', '18:00:00'), -- 목7~목9
    (200176, 80167, 'MON', '12:00:00', '15:00:00'), -- 월4~월6
    (200177, 80168, 'THU', '09:00:00', '12:00:00'), -- 목1~목3
    (200178, 80169, 'THU', '15:00:00', '18:00:00'), -- 목7~목9
    (200179, 80170, 'MON', '09:00:00', '12:00:00'); -- 월1~월3

-- ============================================
-- 4. Curriculum 추가 (컴퓨터공학과=2, 전공선택이므로 requirement=false)
-- ============================================
INSERT INTO curriculum (curriculum_id, lecture_id, department_id, grade, requirement)
VALUES
    (1209, 80163, 2, 1, false),
    (1210, 80164, 2, 1, false),
    (1211, 80165, 2, 1, false),
    (1212, 80166, 2, 1, false),
    (1213, 80167, 2, 1, false),
    (1214, 80168, 2, 1, false),
    (1215, 80169, 2, 1, false),
    (1216, 80170, 2, 1, false);










-- ============================================
-- ⚠️ LiberalCategory enum에 HUMANITIES_AND_ARTS 값 추가 필요 (인간과 예술)
-- ============================================

-- ============================================
-- 1. Lecture Group 추가 (22개, 괄호 수식어 제거 기준 병합)
-- ============================================
INSERT INTO lecture_group (lecture_group_id, lecture_group_name)
VALUES
    (39, '아시아사상의 이해'),
    (40, '심리학과 예술'),
    (41, '인간과 배움'),
    (42, '논어와 21세기'),
    (43, '가천리더십'),
    (44, '축제 기획과 문화콘텐츠'),
    (45, '기호와 인지'),
    (46, '문학과예술'),
    (47, '예술과 철학'),
    (48, '예술과정신건강'),
    (49, '인간관계의 심리학'),
    (50, '논리적 사고'),
    (51, '역사와 상상력'),
    (52, '철학과 창조적 실천'),
    (53, '공간심리와 디자인'),
    (54, '비주얼 에세이'),
    (55, '변화의 심리학'),
    (56, '사피엔스와 미술'),
    (57, '문학의이해'),
    (58, '음악의이해'),
    (59, '한국미술의이해'),
    (60, '삶과철학');

-- ============================================
-- 2. Lecture 추가 (교양선택 / 인간과 예술, 총 47개 분반)
-- (12주) 표기 과목은 3학년, 나머지는 1학년, 전부 2학기
-- 전공탐색세미나(15314001~15314021) 21개는 제외
-- ============================================
INSERT INTO lecture
(
    lecture_id, lecture_name, credit, course_classification, liberal_category,
    semester, lecture_year, grade, classroom, professor, course_code, lecture_group_id
)
VALUES
    (80178, '아시아사상의 이해', 2, 'LIBERAL_ELECTIVE', 'HUMANITIES_AND_ARTS', 2, 2026, 1, '비전타워-306', '이은용', '11373001', 39),
    (80179, '심리학과 예술', 2, 'LIBERAL_ELECTIVE', 'HUMANITIES_AND_ARTS', 2, 2026, 1, '비전타워-B202', '이소영', '11934001', 40),
    (80180, '심리학과 예술', 2, 'LIBERAL_ELECTIVE', 'HUMANITIES_AND_ARTS', 2, 2026, 1, '비전타워-B202', '이소영', '11934002', 40),
    (80181, '인간과 배움 (Flipped Learning)', 2, 'LIBERAL_ELECTIVE', 'HUMANITIES_AND_ARTS', 2, 2026, 1, '비전타워-403', '김혜정', '11943001', 41),
    (80182, '논어와 21세기 (Flipped Learning)', 2, 'LIBERAL_ELECTIVE', 'HUMANITIES_AND_ARTS', 2, 2026, 1, '비전타워-315', '백승수', '12400001', 42),
    (80183, '논어와 21세기 (Flipped Learning)', 2, 'LIBERAL_ELECTIVE', 'HUMANITIES_AND_ARTS', 2, 2026, 1, '비전타워-315', '백승수', '12400002', 42),
    (80184, '가천리더십 (실시간화상강의)', 2, 'LIBERAL_ELECTIVE', 'HUMANITIES_AND_ARTS', 2, 2026, 1, '화상강의강의실(가상)', '송진구', '12408001', 43),
    (80185, '가천리더십 (실시간화상강의)', 2, 'LIBERAL_ELECTIVE', 'HUMANITIES_AND_ARTS', 2, 2026, 1, '화상강의강의실(가상)', '송진구', '12408002', 43),
    (80186, '축제 기획과 문화콘텐츠', 3, 'LIBERAL_ELECTIVE', 'HUMANITIES_AND_ARTS', 2, 2026, 1, '비전타워-502', '이정아', '13469001', 44),
    (80187, '축제 기획과 문화콘텐츠', 3, 'LIBERAL_ELECTIVE', 'HUMANITIES_AND_ARTS', 2, 2026, 1, '비전타워-502', '이정아', '13469002', 44),
    (80188, '기호와 인지 (Flipped Learning)', 3, 'LIBERAL_ELECTIVE', 'HUMANITIES_AND_ARTS', 2, 2026, 1, '비전타워-320', '백경선', '13471001', 45),
    (80189, '기호와 인지 (Flipped Learning)', 3, 'LIBERAL_ELECTIVE', 'HUMANITIES_AND_ARTS', 2, 2026, 1, '비전타워-315', '백경선', '13471002', 45),
    (80190, '문학과예술', 3, 'LIBERAL_ELECTIVE', 'HUMANITIES_AND_ARTS', 2, 2026, 1, '비전타워-310', '이상숙', '13472001', 46),
    (80191, '예술과 철학', 3, 'LIBERAL_ELECTIVE', 'HUMANITIES_AND_ARTS', 2, 2026, 1, '비전타워-302', '한상연', '13476001', 47),
    (80192, '예술과 철학', 3, 'LIBERAL_ELECTIVE', 'HUMANITIES_AND_ARTS', 2, 2026, 1, '비전타워-302', '한상연', '13476002', 47),
    (80193, '예술과 철학 (실시간화상강의)', 3, 'LIBERAL_ELECTIVE', 'HUMANITIES_AND_ARTS', 2, 2026, 1, '화상강의강의실(가상)', '한상연', '13476003', 47),
    (80194, '예술과정신건강 (실시간화상강의)', 3, 'LIBERAL_ELECTIVE', 'HUMANITIES_AND_ARTS', 2, 2026, 1, '화상강의강의실(가상)', '이수연', '13838001', 48),
    (80195, '인간관계의 심리학', 2, 'LIBERAL_ELECTIVE', 'HUMANITIES_AND_ARTS', 2, 2026, 1, '비전타워-B103', '양진원', '14297001', 49),
    (80196, '인간관계의 심리학', 2, 'LIBERAL_ELECTIVE', 'HUMANITIES_AND_ARTS', 2, 2026, 1, '비전타워-B103', '양진원', '14297002', 49),
    (80197, '논리적 사고 (공학인증)', 2, 'LIBERAL_ELECTIVE', 'HUMANITIES_AND_ARTS', 2, 2026, 1, '비전타워-417', '권기환', '14626001', 50),
    (80198, '논리적 사고', 2, 'LIBERAL_ELECTIVE', 'HUMANITIES_AND_ARTS', 2, 2026, 1, '비전타워-417', '권기환', '14626002', 50),
    (80199, '논리적 사고', 2, 'LIBERAL_ELECTIVE', 'HUMANITIES_AND_ARTS', 2, 2026, 1, '비전타워-417', '심소영', '14626003', 50),
    (80200, '논리적 사고', 2, 'LIBERAL_ELECTIVE', 'HUMANITIES_AND_ARTS', 2, 2026, 1, '비전타워-417', '심소영', '14626004', 50),
    (80201, '논리적 사고', 2, 'LIBERAL_ELECTIVE', 'HUMANITIES_AND_ARTS', 2, 2026, 1, '비전타워-417', '심소영', '14626005', 50),
    (80202, '논리적 사고', 2, 'LIBERAL_ELECTIVE', 'HUMANITIES_AND_ARTS', 2, 2026, 1, '비전타워-417', '권기환', '14626006', 50),
    (80203, '역사와 상상력', 2, 'LIBERAL_ELECTIVE', 'HUMANITIES_AND_ARTS', 2, 2026, 1, '비전타워-314', '정문상', '14628001', 51),
    (80204, '역사와 상상력', 2, 'LIBERAL_ELECTIVE', 'HUMANITIES_AND_ARTS', 2, 2026, 1, '비전타워-316', '이창섭', '14628002', 51),
    (80205, '역사와 상상력', 2, 'LIBERAL_ELECTIVE', 'HUMANITIES_AND_ARTS', 2, 2026, 1, '비전타워-302', '안성진', '14628003', 51),
    (80206, '철학과 창조적 실천 (공학인증)', 2, 'LIBERAL_ELECTIVE', 'HUMANITIES_AND_ARTS', 2, 2026, 1, '비전타워-302', '한상연', '14629001', 52),
    (80207, '철학과 창조적 실천', 2, 'LIBERAL_ELECTIVE', 'HUMANITIES_AND_ARTS', 2, 2026, 1, '비전타워-302', '한상연', '14629002', 52),
    (80208, '철학과 창조적 실천', 2, 'LIBERAL_ELECTIVE', 'HUMANITIES_AND_ARTS', 2, 2026, 1, '비전타워-310', '김상연', '14629003', 52),
    (80209, '공간심리와 디자인', 3, 'LIBERAL_ELECTIVE', 'HUMANITIES_AND_ARTS', 2, 2026, 1, '비전타워-324', '안은희', '15559001', 53),
    (80210, '공간심리와 디자인', 3, 'LIBERAL_ELECTIVE', 'HUMANITIES_AND_ARTS', 2, 2026, 1, '비전타워-324', '안은희', '15559002', 53),
    (80211, '비주얼 에세이', 3, 'LIBERAL_ELECTIVE', 'HUMANITIES_AND_ARTS', 2, 2026, 1, '비전타워-324', '이윤지', '15561001', 54),
    (80212, '비주얼 에세이', 3, 'LIBERAL_ELECTIVE', 'HUMANITIES_AND_ARTS', 2, 2026, 1, '비전타워-324', '이윤지', '15561002', 54),
    (80213, '변화의 심리학', 2, 'LIBERAL_ELECTIVE', 'HUMANITIES_AND_ARTS', 2, 2026, 1, '비전타워-201', '최혜만', '15986001', 55),
    (80214, '사피엔스와 미술', 2, 'LIBERAL_ELECTIVE', 'HUMANITIES_AND_ARTS', 2, 2026, 1, '비전타워-B203', '황정국', '16021001', 56),
    (80215, '인간관계의 심리학 (12주)', 2, 'LIBERAL_ELECTIVE', 'HUMANITIES_AND_ARTS', 2, 2026, 3, '비전타워-316', '김시내', '61451001', 49),
    (80216, '철학과 창조적 실천 (12주)', 2, 'LIBERAL_ELECTIVE', 'HUMANITIES_AND_ARTS', 2, 2026, 3, '비전타워-302', '한상연', '61487001', 52),
    (80217, '논리적 사고 (12주)', 2, 'LIBERAL_ELECTIVE', 'HUMANITIES_AND_ARTS', 2, 2026, 3, '비전타워-417', '권기환', '61488001', 50),
    (80218, '문학의이해', 2, 'LIBERAL_ELECTIVE', 'HUMANITIES_AND_ARTS', 2, 2026, 1, '비전타워-201', '김세아', '05189001', 57),
    (80219, '문학의이해', 2, 'LIBERAL_ELECTIVE', 'HUMANITIES_AND_ARTS', 2, 2026, 1, '비전타워-201', '김세아', '05189002', 57),
    (80220, '음악의이해 (실시간화상강의)', 2, 'LIBERAL_ELECTIVE', 'HUMANITIES_AND_ARTS', 2, 2026, 1, '화상강의강의실(가상)', '김동희', '05284001', 58),
    (80221, '한국미술의이해', 2, 'LIBERAL_ELECTIVE', 'HUMANITIES_AND_ARTS', 2, 2026, 1, '비전타워-317', '조시내', '05294001', 59),
    (80222, '한국미술의이해', 2, 'LIBERAL_ELECTIVE', 'HUMANITIES_AND_ARTS', 2, 2026, 1, '비전타워-317', '조시내', '05294002', 59),
    (80223, '삶과철학', 2, 'LIBERAL_ELECTIVE', 'HUMANITIES_AND_ARTS', 2, 2026, 1, '비전타워-315', '김상연', '05707001', 60),
    (80224, '삶과철학', 2, 'LIBERAL_ELECTIVE', 'HUMANITIES_AND_ARTS', 2, 2026, 1, '비전타워-315', '김상연', '05707002', 60);

-- ============================================
-- 3. Lecture Schedule 추가 (교시 -> 표준 시간 변환)
-- ============================================
INSERT INTO lecture_schedule (lecture_schedule_id, lecture_id, day_of_week, start_time, end_time)
VALUES
    (200187, 80178, 'MON', '11:00:00', '13:00:00'), -- 월3~월4
    (200188, 80179, 'TUE', '13:00:00', '15:00:00'), -- 화5~화6
    (200189, 80180, 'TUE', '15:00:00', '17:00:00'), -- 화7~화8
    (200190, 80181, 'TUE', '13:00:00', '15:00:00'), -- 화5~화6
    (200191, 80182, 'WED', '13:00:00', '15:00:00'), -- 수5~수6
    (200192, 80183, 'WED', '15:00:00', '17:00:00'), -- 수7~수8
    (200193, 80184, 'MON', '09:00:00', '11:00:00'), -- 월1~월2
    (200194, 80185, 'MON', '11:00:00', '13:00:00'), -- 월3~월4
    (200195, 80186, 'TUE', '14:00:00', '17:00:00'), -- 화6~화8
    (200196, 80187, 'WED', '14:00:00', '17:00:00'), -- 수6~수8
    (200197, 80188, 'TUE', '13:00:00', '16:00:00'), -- 화5~화7
    (200198, 80189, 'THU', '15:00:00', '18:00:00'), -- 목7~목9
    (200199, 80190, 'THU', '14:00:00', '17:00:00'), -- 목6~목8
    (200200, 80191, 'WED', '09:00:00', '12:00:00'), -- 수1~수3
    (200201, 80192, 'FRI', '09:00:00', '12:00:00'), -- 금1~금3
    (200202, 80193, 'TUE', '09:00:00', '12:00:00'), -- 화1~화3
    (200203, 80194, 'WED', '09:00:00', '12:00:00'), -- 수1~수3
    (200204, 80195, 'TUE', '13:00:00', '15:00:00'), -- 화5~화6
    (200205, 80196, 'TUE', '15:00:00', '17:00:00'), -- 화7~화8
    (200206, 80197, 'MON', '09:00:00', '11:00:00'), -- 월1~월2
    (200207, 80198, 'MON', '11:00:00', '13:00:00'), -- 월3~월4
    (200208, 80199, 'TUE', '11:00:00', '13:00:00'), -- 화3~화4
    (200209, 80200, 'WED', '11:00:00', '13:00:00'), -- 수3~수4
    (200210, 80201, 'THU', '11:00:00', '13:00:00'), -- 목3~목4
    (200211, 80202, 'FRI', '11:00:00', '13:00:00'), -- 금3~금4
    (200212, 80203, 'TUE', '13:00:00', '15:00:00'), -- 화5~화6
    (200213, 80204, 'THU', '15:00:00', '17:00:00'), -- 목7~목8
    (200214, 80205, 'WED', '13:00:00', '15:00:00'), -- 수5~수6
    (200215, 80206, 'TUE', '13:00:00', '15:00:00'), -- 화5~화6
    (200216, 80207, 'TUE', '15:00:00', '17:00:00'), -- 화7~화8
    (200217, 80208, 'MON', '13:00:00', '15:00:00'), -- 월5~월6
    (200218, 80209, 'MON', '14:00:00', '17:00:00'), -- 월6~월8
    (200219, 80210, 'WED', '14:00:00', '17:00:00'), -- 수6~수8
    (200220, 80211, 'TUE', '10:00:00', '13:00:00'), -- 화2~화4
    (200221, 80212, 'TUE', '14:00:00', '17:00:00'), -- 화6~화8
    (200222, 80213, 'MON', '11:00:00', '13:00:00'), -- 월3~월4
    (200223, 80214, 'THU', '14:00:00', '16:00:00'), -- 목6~목7
    (200224, 80215, 'FRI', '09:00:00', '12:00:00'), -- 금1~금3
    (200225, 80216, 'FRI', '14:00:00', '17:00:00'), -- 금6~금8
    (200226, 80217, 'FRI', '14:00:00', '17:00:00'), -- 금6~금8
    (200227, 80218, 'TUE', '13:00:00', '15:00:00'), -- 화5~화6
    (200228, 80219, 'TUE', '15:00:00', '17:00:00'), -- 화7~화8
    (200229, 80220, 'TUE', '15:00:00', '17:00:00'), -- 화7~화8
    (200230, 80221, 'WED', '13:00:00', '15:00:00'), -- 수5~수6
    (200231, 80222, 'WED', '15:00:00', '17:00:00'), -- 수7~수8
    (200232, 80223, 'TUE', '13:00:00', '15:00:00'), -- 화5~화6
    (200233, 80224, 'TUE', '15:00:00', '17:00:00'); -- 화7~화8

-- ============================================
-- 4. Curriculum 추가 (경영학과=1, 컴퓨터공학과=2 둘 다 / 교양선택이라 requirement=false)
-- ============================================
INSERT INTO curriculum (curriculum_id, lecture_id, department_id, grade, requirement)
VALUES
    (1226, 80178, 1, 1, false),
    (1227, 80178, 2, 1, false),
    (1228, 80179, 1, 1, false),
    (1229, 80179, 2, 1, false),
    (1230, 80180, 1, 1, false),
    (1231, 80180, 2, 1, false),
    (1232, 80181, 1, 1, false),
    (1233, 80181, 2, 1, false),
    (1234, 80182, 1, 1, false),
    (1235, 80182, 2, 1, false),
    (1236, 80183, 1, 1, false),
    (1237, 80183, 2, 1, false),
    (1238, 80184, 1, 1, false),
    (1239, 80184, 2, 1, false),
    (1240, 80185, 1, 1, false),
    (1241, 80185, 2, 1, false),
    (1242, 80186, 1, 1, false),
    (1243, 80186, 2, 1, false),
    (1244, 80187, 1, 1, false),
    (1245, 80187, 2, 1, false),
    (1246, 80188, 1, 1, false),
    (1247, 80188, 2, 1, false),
    (1248, 80189, 1, 1, false),
    (1249, 80189, 2, 1, false),
    (1250, 80190, 1, 1, false),
    (1251, 80190, 2, 1, false),
    (1252, 80191, 1, 1, false),
    (1253, 80191, 2, 1, false),
    (1254, 80192, 1, 1, false),
    (1255, 80192, 2, 1, false),
    (1256, 80193, 1, 1, false),
    (1257, 80193, 2, 1, false),
    (1258, 80194, 1, 1, false),
    (1259, 80194, 2, 1, false),
    (1260, 80195, 1, 1, false),
    (1261, 80195, 2, 1, false),
    (1262, 80196, 1, 1, false),
    (1263, 80196, 2, 1, false),
    (1264, 80197, 1, 1, false),
    (1265, 80197, 2, 1, false),
    (1266, 80198, 1, 1, false),
    (1267, 80198, 2, 1, false),
    (1268, 80199, 1, 1, false),
    (1269, 80199, 2, 1, false),
    (1270, 80200, 1, 1, false),
    (1271, 80200, 2, 1, false),
    (1272, 80201, 1, 1, false),
    (1273, 80201, 2, 1, false),
    (1274, 80202, 1, 1, false),
    (1275, 80202, 2, 1, false),
    (1276, 80203, 1, 1, false),
    (1277, 80203, 2, 1, false),
    (1278, 80204, 1, 1, false),
    (1279, 80204, 2, 1, false),
    (1280, 80205, 1, 1, false),
    (1281, 80205, 2, 1, false),
    (1282, 80206, 1, 1, false),
    (1283, 80206, 2, 1, false),
    (1284, 80207, 1, 1, false),
    (1285, 80207, 2, 1, false),
    (1286, 80208, 1, 1, false),
    (1287, 80208, 2, 1, false),
    (1288, 80209, 1, 1, false),
    (1289, 80209, 2, 1, false),
    (1290, 80210, 1, 1, false),
    (1291, 80210, 2, 1, false),
    (1292, 80211, 1, 1, false),
    (1293, 80211, 2, 1, false),
    (1294, 80212, 1, 1, false),
    (1295, 80212, 2, 1, false),
    (1296, 80213, 1, 1, false),
    (1297, 80213, 2, 1, false),
    (1298, 80214, 1, 1, false),
    (1299, 80214, 2, 1, false),
    (1300, 80215, 1, 3, false),
    (1301, 80215, 2, 3, false),
    (1302, 80216, 1, 3, false),
    (1303, 80216, 2, 3, false),
    (1304, 80217, 1, 3, false),
    (1305, 80217, 2, 3, false),
    (1306, 80218, 1, 1, false),
    (1307, 80218, 2, 1, false),
    (1308, 80219, 1, 1, false),
    (1309, 80219, 2, 1, false),
    (1310, 80220, 1, 1, false),
    (1311, 80220, 2, 1, false),
    (1312, 80221, 1, 1, false),
    (1313, 80221, 2, 1, false),
    (1314, 80222, 1, 1, false),
    (1315, 80222, 2, 1, false),
    (1316, 80223, 1, 1, false),
    (1317, 80223, 2, 1, false),
    (1318, 80224, 1, 1, false),
    (1319, 80224, 2, 1, false);




-- ============================================
-- 1. Lecture Group 추가
-- ============================================
INSERT INTO lecture_group (lecture_group_id, lecture_group_name)
VALUES
    (38, 'AI와 글쓰기');

-- ============================================
-- 2. Lecture 추가 (컴퓨터공학과 교양필수, 총 7개 분반)
-- liberal_category는 명시 없어 글쓰기 과목 특성상 COMMUNICATION으로 가정 (AI_BASIC이 맞다면 수정 필요)
-- 학년(grade)도 명시 없어 다른 교필 과목과 동일하게 1학년으로 가정
-- ============================================
INSERT INTO lecture
(
    lecture_id, lecture_name, credit, course_classification, liberal_category,
    semester, lecture_year, grade, classroom, professor, course_code, lecture_group_id
)
VALUES
    (80171, 'AI와 글쓰기', 2, 'LIBERAL_REQUIREMENT', 'COMMUNICATION', 2, 2026, 1, '비전타워-303', '김기복', '15979016', 38),
    (80172, 'AI와 글쓰기', 2, 'LIBERAL_REQUIREMENT', 'COMMUNICATION', 2, 2026, 1, '비전타워-503', '이현승', '15979040', 38),
    (80173, 'AI와 글쓰기', 2, 'LIBERAL_REQUIREMENT', 'COMMUNICATION', 2, 2026, 1, '비전타워-306', '이상숙', '15979041', 38),
    (80174, 'AI와 글쓰기', 2, 'LIBERAL_REQUIREMENT', 'COMMUNICATION', 2, 2026, 1, '비전타워-402', '최성실', '15979042', 38),
    (80175, 'AI와 글쓰기', 2, 'LIBERAL_REQUIREMENT', 'COMMUNICATION', 2, 2026, 1, '비전타워-307', '김기복', '15979043', 38),
    (80176, 'AI와 글쓰기', 2, 'LIBERAL_REQUIREMENT', 'COMMUNICATION', 2, 2026, 1, '비전타워-418', '성정희', '15979044', 38),
    (80177, 'AI와 글쓰기', 2, 'LIBERAL_REQUIREMENT', 'COMMUNICATION', 2, 2026, 1, '비전타워-308', '권민자', '15979045', 38);

-- ============================================
-- 3. Lecture Schedule 추가 (교시 -> 표준 시간 변환)
-- ============================================
INSERT INTO lecture_schedule (lecture_schedule_id, lecture_id, day_of_week, start_time, end_time)
VALUES
    (200180, 80171, 'TUE', '11:00:00', '13:00:00'), -- 화3~화4
    (200181, 80172, 'TUE', '11:00:00', '13:00:00'), -- 화3~화4
    (200182, 80173, 'TUE', '11:00:00', '13:00:00'), -- 화3~화4
    (200183, 80174, 'TUE', '11:00:00', '13:00:00'), -- 화3~화4
    (200184, 80175, 'MON', '15:00:00', '17:00:00'), -- 월7~월8
    (200185, 80176, 'MON', '15:00:00', '17:00:00'), -- 월7~월8
    (200186, 80177, 'MON', '15:00:00', '17:00:00'); -- 월7~월8

-- ============================================
-- 4. Curriculum 추가 (컴퓨터공학과=2, 교양필수이므로 requirement=true)
-- ============================================
INSERT INTO curriculum (curriculum_id, lecture_id, department_id, grade, requirement)
VALUES
    (1217, 80171, 2, 1, true),
    (1218, 80172, 2, 1, true),
    (1219, 80173, 2, 1, true),
    (1220, 80174, 2, 1, true),
    (1221, 80175, 2, 1, true),
    (1222, 80176, 2, 1, true),
    (1223, 80177, 2, 1, true);

INSERT INTO curriculum (curriculum_id, lecture_id, department_id, grade, requirement)
VALUES
    (1224, 80010, 2, 1, true),
    (1225, 80016, 2, 1, true);


-- ============================================
-- ⚠️ LiberalCategory enum에 WORLD_AND_LANGUAGE 값 추가 필요
-- ============================================

-- ============================================
-- 1. Lecture Group 추가 (25개, 괄호 수식어 제거 기준 병합)
-- ============================================
INSERT INTO lecture_group (lecture_group_id, lecture_group_name)
VALUES
    (61, '종교와 문명'),
    (62, '21세기 한국 문화의 이해'),
    (63, '한글과 한국어'),
    (64, '전염병과 인류의 역사'),
    (65, '남아시아의 정치와 경제'),
    (66, '중앙유라시아 사회의 이해'),
    (67, '세계유산탐구'),
    (68, '일본대중문화의 이해'),
    (69, '한문의이해'),
    (70, '독일문화의 이해'),
    (71, '프랑스문화의이해'),
    (72, '영미문화의이해'),
    (73, '중국문화의이해'),
    (74, '독일어1'),
    (75, '독일어2'),
    (76, '프랑스어1'),
    (77, '프랑스어2'),
    (78, '중국어1'),
    (79, '중국어2'),
    (80, '일본어1'),
    (81, '일본어2'),
    (82, '스페인어2'),
    (83, '이슬람문화의 이해'),
    (84, '아랍어2'),
    (85, '문학으로 보는 대중문화');

-- ============================================
-- 2. Lecture 추가 (교양선택 / 세계와 언어, 총 47개 분반)
-- (12주) 표기 과목은 3학년, 나머지는 1학년, 전부 2학기
-- ============================================
INSERT INTO lecture
(
    lecture_id, lecture_name, credit, course_classification, liberal_category,
    semester, lecture_year, grade, classroom, professor, course_code, lecture_group_id
)
VALUES
    (80225, '종교와 문명', 2, 'LIBERAL_ELECTIVE', 'WORLD_AND_LANGUAGE', 2, 2026, 1, '비전타워-201', '한상연', '11347001', 61),
    (80226, '종교와 문명', 2, 'LIBERAL_ELECTIVE', 'WORLD_AND_LANGUAGE', 2, 2026, 1, '비전타워-201', '한상연', '11347002', 61),
    (80227, '종교와 문명', 2, 'LIBERAL_ELECTIVE', 'WORLD_AND_LANGUAGE', 2, 2026, 1, '비전타워-302', '한상연', '11347003', 61),
    (80228, '21세기 한국 문화의 이해', 2, 'LIBERAL_ELECTIVE', 'WORLD_AND_LANGUAGE', 2, 2026, 1, '비전타워-316', null, '11351001', 62),
    (80229, '한글과 한국어 (공학인증)', 2, 'LIBERAL_ELECTIVE', 'WORLD_AND_LANGUAGE', 2, 2026, 1, '비전타워-309', '정한데로', '12401001', 63),
    (80230, '전염병과 인류의 역사', 2, 'LIBERAL_ELECTIVE', 'WORLD_AND_LANGUAGE', 2, 2026, 1, '비전타워-316', '김지훈', '14296001', 64),
    (80231, '남아시아의 정치와 경제', 2, 'LIBERAL_ELECTIVE', 'WORLD_AND_LANGUAGE', 2, 2026, 1, '비전타워-309', '신민하', '14636001', 65),
    (80232, '남아시아의 정치와 경제', 2, 'LIBERAL_ELECTIVE', 'WORLD_AND_LANGUAGE', 2, 2026, 1, '비전타워-309', '신민하', '14636002', 65),
    (80233, '중앙유라시아 사회의 이해', 2, 'LIBERAL_ELECTIVE', 'WORLD_AND_LANGUAGE', 2, 2026, 1, '비전타워-515', '홍성민', '14637001', 66),
    (80234, '중앙유라시아 사회의 이해', 2, 'LIBERAL_ELECTIVE', 'WORLD_AND_LANGUAGE', 2, 2026, 1, '비전타워-515', '홍성민', '14637002', 66),
    (80235, '세계유산탐구', 3, 'LIBERAL_ELECTIVE', 'WORLD_AND_LANGUAGE', 2, 2026, 1, '비전타워-324', '최호순', '14928001', 67),
    (80236, '일본대중문화의 이해 (12주)', 2, 'LIBERAL_ELECTIVE', 'WORLD_AND_LANGUAGE', 2, 2026, 3, '비전타워-315', '김상원', '60016001', 68),
    (80237, '한문의이해', 2, 'LIBERAL_ELECTIVE', 'WORLD_AND_LANGUAGE', 2, 2026, 1, '비전타워-B203', null, '05192001', 69),
    (80238, '독일문화의 이해', 2, 'LIBERAL_ELECTIVE', 'WORLD_AND_LANGUAGE', 2, 2026, 1, '비전타워-302', '김화경', '05194001', 70),
    (80239, '독일문화의 이해', 2, 'LIBERAL_ELECTIVE', 'WORLD_AND_LANGUAGE', 2, 2026, 1, '비전타워-302', '김화경', '05194002', 70),
    (80240, '독일문화의 이해', 2, 'LIBERAL_ELECTIVE', 'WORLD_AND_LANGUAGE', 2, 2026, 1, '비전타워-302', '김화경', '05194003', 70),
    (80241, '독일문화의 이해', 2, 'LIBERAL_ELECTIVE', 'WORLD_AND_LANGUAGE', 2, 2026, 1, '비전타워-309', '김화경', '05194004', 70),
    (80242, '프랑스문화의이해 (Flipped Learning)', 2, 'LIBERAL_ELECTIVE', 'WORLD_AND_LANGUAGE', 2, 2026, 1, '비전타워-315', '백경선', '05195001', 71),
    (80243, '프랑스문화의이해 (Flipped Learning)', 2, 'LIBERAL_ELECTIVE', 'WORLD_AND_LANGUAGE', 2, 2026, 1, '비전타워-315', '백경선', '05195002', 71),
    (80244, '프랑스문화의이해', 2, 'LIBERAL_ELECTIVE', 'WORLD_AND_LANGUAGE', 2, 2026, 1, '비전타워-315', '정희정', '05195003', 71),
    (80245, '프랑스문화의이해', 2, 'LIBERAL_ELECTIVE', 'WORLD_AND_LANGUAGE', 2, 2026, 1, '비전타워-315', '이선구', '05195004', 71),
    (80246, '영미문화의이해', 2, 'LIBERAL_ELECTIVE', 'WORLD_AND_LANGUAGE', 2, 2026, 1, '가천관-415', '노경은', '05201001', 72),
    (80247, '중국문화의이해', 2, 'LIBERAL_ELECTIVE', 'WORLD_AND_LANGUAGE', 2, 2026, 1, '비전타워-414', '장효민', '05202001', 73),
    (80248, '중국문화의이해', 2, 'LIBERAL_ELECTIVE', 'WORLD_AND_LANGUAGE', 2, 2026, 1, '비전타워-414', '장효민', '05202002', 73),
    (80249, '중국문화의이해', 2, 'LIBERAL_ELECTIVE', 'WORLD_AND_LANGUAGE', 2, 2026, 1, '비전타워-317', '최재준', '05202003', 73),
    (80250, '독일어1', 2, 'LIBERAL_ELECTIVE', 'WORLD_AND_LANGUAGE', 2, 2026, 1, '비전타워-305', '김미경', '05304001', 74),
    (80251, '독일어1', 2, 'LIBERAL_ELECTIVE', 'WORLD_AND_LANGUAGE', 2, 2026, 1, '비전타워-305', '김동조', '05304002', 74),
    (80252, '독일어2', 2, 'LIBERAL_ELECTIVE', 'WORLD_AND_LANGUAGE', 2, 2026, 1, '비전타워-403', '김화경', '05305001', 75),
    (80253, '프랑스어1', 2, 'LIBERAL_ELECTIVE', 'WORLD_AND_LANGUAGE', 2, 2026, 1, '비전타워-305', '백경선', '05306001', 76),
    (80254, '프랑스어1', 2, 'LIBERAL_ELECTIVE', 'WORLD_AND_LANGUAGE', 2, 2026, 1, '비전타워-305', '유은순', '05306002', 76),
    (80255, '프랑스어2', 2, 'LIBERAL_ELECTIVE', 'WORLD_AND_LANGUAGE', 2, 2026, 1, '비전타워-306', '권순홍', '05307001', 77),
    (80256, '중국어1', 2, 'LIBERAL_ELECTIVE', 'WORLD_AND_LANGUAGE', 2, 2026, 1, '비전타워-402', '박연정', '05308001', 78),
    (80257, '중국어1', 2, 'LIBERAL_ELECTIVE', 'WORLD_AND_LANGUAGE', 2, 2026, 1, '비전타워-503', '박연정', '05308002', 78),
    (80258, '중국어2', 2, 'LIBERAL_ELECTIVE', 'WORLD_AND_LANGUAGE', 2, 2026, 1, '비전타워-305', '신수영', '05309001', 79),
    (80259, '중국어2', 2, 'LIBERAL_ELECTIVE', 'WORLD_AND_LANGUAGE', 2, 2026, 1, '비전타워-305', '신수영', '05309002', 79),
    (80260, '중국어2', 2, 'LIBERAL_ELECTIVE', 'WORLD_AND_LANGUAGE', 2, 2026, 1, '비전타워-502', '신수영', '05309003', 79),
    (80261, '일본어1', 2, 'LIBERAL_ELECTIVE', 'WORLD_AND_LANGUAGE', 2, 2026, 1, '비전타워-502', '정부용', '05310001', 80),
    (80262, '일본어1', 2, 'LIBERAL_ELECTIVE', 'WORLD_AND_LANGUAGE', 2, 2026, 1, '비전타워-502', '정부용', '05310002', 80),
    (80263, '일본어1', 2, 'LIBERAL_ELECTIVE', 'WORLD_AND_LANGUAGE', 2, 2026, 1, '비전타워-502', '정부용', '05310003', 80),
    (80264, '일본어2', 2, 'LIBERAL_ELECTIVE', 'WORLD_AND_LANGUAGE', 2, 2026, 1, '비전타워-304', '정부용', '05311001', 81),
    (80265, '일본어2', 2, 'LIBERAL_ELECTIVE', 'WORLD_AND_LANGUAGE', 2, 2026, 1, '비전타워-304', '정부용', '05311002', 81),
    (80266, '스페인어2 (실시간화상강의)', 2, 'LIBERAL_ELECTIVE', 'WORLD_AND_LANGUAGE', 2, 2026, 1, '화상강의강의실(가상)', 'Sara Oh', '05713001', 82),
    (80267, '이슬람문화의 이해', 2, 'LIBERAL_ELECTIVE', 'WORLD_AND_LANGUAGE', 2, 2026, 1, '비전타워-302', '김소연', '09372001', 83),
    (80268, '아랍어2', 2, 'LIBERAL_ELECTIVE', 'WORLD_AND_LANGUAGE', 2, 2026, 1, '비전타워-302', '김소연', '09373001', 84),
    (80269, '일본대중문화의 이해 (실시간화상강의)', 2, 'LIBERAL_ELECTIVE', 'WORLD_AND_LANGUAGE', 2, 2026, 1, '화상강의강의실(가상)', '박진수', '09374001', 68),
    (80270, '일본대중문화의 이해 (실시간화상강의)', 2, 'LIBERAL_ELECTIVE', 'WORLD_AND_LANGUAGE', 2, 2026, 1, '화상강의강의실(가상)', '유수정', '09374002', 68),
    (80271, '문학으로 보는 대중문화', 2, 'LIBERAL_ELECTIVE', 'WORLD_AND_LANGUAGE', 2, 2026, 1, '비전타워-316', '이현승', '09473001', 85);

-- ============================================
-- 3. Lecture Schedule 추가 (교시 -> 표준 시간 변환)
-- ============================================
INSERT INTO lecture_schedule (lecture_schedule_id, lecture_id, day_of_week, start_time, end_time)
VALUES
    (200234, 80225, 'MON', '13:00:00', '15:00:00'), -- 월5~월6
    (200235, 80226, 'MON', '15:00:00', '17:00:00'), -- 월7~월8
    (200236, 80227, 'THU', '11:00:00', '13:00:00'), -- 목3~목4
    (200237, 80228, 'THU', '11:00:00', '13:00:00'), -- 목3~목4
    (200238, 80229, 'MON', '15:00:00', '17:00:00'), -- 월7~월8
    (200239, 80230, 'MON', '15:00:00', '17:00:00'), -- 월7~월8
    (200240, 80231, 'MON', '11:00:00', '13:00:00'), -- 월3~월4
    (200241, 80232, 'MON', '13:00:00', '15:00:00'), -- 월5~월6
    (200242, 80233, 'TUE', '11:00:00', '13:00:00'), -- 화3~화4
    (200243, 80234, 'TUE', '13:00:00', '15:00:00'), -- 화5~화6
    (200244, 80235, 'THU', '14:00:00', '17:00:00'), -- 목6~목8
    (200245, 80236, 'FRI', '09:00:00', '12:00:00'), -- 금1~금3
    (200246, 80237, 'MON', '13:00:00', '15:00:00'), -- 월5~월6
    (200247, 80238, 'MON', '11:00:00', '13:00:00'), -- 월3~월4
    (200248, 80239, 'MON', '13:00:00', '15:00:00'), -- 월5~월6
    (200249, 80240, 'MON', '15:00:00', '17:00:00'), -- 월7~월8
    (200250, 80241, 'THU', '11:00:00', '13:00:00'), -- 목3~목4
    (200251, 80242, 'MON', '13:00:00', '15:00:00'), -- 월5~월6
    (200252, 80243, 'MON', '15:00:00', '17:00:00'), -- 월7~월8
    (200253, 80244, 'THU', '09:00:00', '11:00:00'), -- 목1~목2
    (200254, 80245, 'THU', '11:00:00', '13:00:00'), -- 목3~목4
    (200255, 80246, 'THU', '14:00:00', '16:00:00'), -- 목6~목7
    (200256, 80247, 'MON', '13:00:00', '15:00:00'), -- 월5~월6
    (200257, 80248, 'MON', '15:00:00', '17:00:00'), -- 월7~월8
    (200258, 80249, 'THU', '11:00:00', '13:00:00'), -- 목3~목4
    (200259, 80250, 'FRI', '13:00:00', '15:00:00'), -- 금5~금6
    (200260, 80251, 'MON', '15:00:00', '17:00:00'), -- 월7~월8
    (200261, 80252, 'THU', '13:00:00', '15:00:00'), -- 목5~목6
    (200262, 80253, 'MON', '10:00:00', '12:00:00'), -- 월2~월3
    (200263, 80254, 'TUE', '11:00:00', '13:00:00'), -- 화3~화4
    (200264, 80255, 'MON', '15:00:00', '17:00:00'), -- 월7~월8
    (200265, 80256, 'WED', '11:00:00', '13:00:00'), -- 수3~수4
    (200266, 80257, 'MON', '13:00:00', '15:00:00'), -- 월5~월6
    (200267, 80258, 'TUE', '09:00:00', '11:00:00'), -- 화1~화2
    (200268, 80259, 'MON', '13:00:00', '15:00:00'), -- 월5~월6
    (200269, 80260, 'FRI', '15:00:00', '17:00:00'), -- 금7~금8
    (200270, 80261, 'MON', '13:00:00', '15:00:00'), -- 월5~월6
    (200271, 80262, 'MON', '15:00:00', '17:00:00'), -- 월7~월8
    (200272, 80263, 'MON', '17:00:00', '19:00:00'), -- 월9~월10
    (200273, 80264, 'TUE', '11:00:00', '13:00:00'), -- 화3~화4
    (200274, 80265, 'TUE', '13:00:00', '15:00:00'), -- 화5~화6
    (200275, 80266, 'THU', '09:00:00', '11:00:00'), -- 목1~목2
    (200276, 80267, 'THU', '13:00:00', '15:00:00'), -- 목5~목6
    (200277, 80268, 'THU', '15:00:00', '17:00:00'), -- 목7~목8
    (200278, 80269, 'TUE', '09:00:00', '11:00:00'), -- 화1~화2
    (200279, 80270, 'THU', '09:00:00', '11:00:00'), -- 목1~목2
    (200280, 80271, 'MON', '13:00:00', '15:00:00'); -- 월5~월6

-- ============================================
-- 4. Curriculum 추가 (경영학과=1, 컴퓨터공학과=2 둘 다 / requirement=false)
-- ============================================
INSERT INTO curriculum (curriculum_id, lecture_id, department_id, grade, requirement)
VALUES
    (1320, 80225, 1, 1, false),
    (1321, 80225, 2, 1, false),
    (1322, 80226, 1, 1, false),
    (1323, 80226, 2, 1, false),
    (1324, 80227, 1, 1, false),
    (1325, 80227, 2, 1, false),
    (1326, 80228, 1, 1, false),
    (1327, 80228, 2, 1, false),
    (1328, 80229, 1, 1, false),
    (1329, 80229, 2, 1, false),
    (1330, 80230, 1, 1, false),
    (1331, 80230, 2, 1, false),
    (1332, 80231, 1, 1, false),
    (1333, 80231, 2, 1, false),
    (1334, 80232, 1, 1, false),
    (1335, 80232, 2, 1, false),
    (1336, 80233, 1, 1, false),
    (1337, 80233, 2, 1, false),
    (1338, 80234, 1, 1, false),
    (1339, 80234, 2, 1, false),
    (1340, 80235, 1, 1, false),
    (1341, 80235, 2, 1, false),
    (1342, 80236, 1, 3, false),
    (1343, 80236, 2, 3, false),
    (1344, 80237, 1, 1, false),
    (1345, 80237, 2, 1, false),
    (1346, 80238, 1, 1, false),
    (1347, 80238, 2, 1, false),
    (1348, 80239, 1, 1, false),
    (1349, 80239, 2, 1, false),
    (1350, 80240, 1, 1, false),
    (1351, 80240, 2, 1, false),
    (1352, 80241, 1, 1, false),
    (1353, 80241, 2, 1, false),
    (1354, 80242, 1, 1, false),
    (1355, 80242, 2, 1, false),
    (1356, 80243, 1, 1, false),
    (1357, 80243, 2, 1, false),
    (1358, 80244, 1, 1, false),
    (1359, 80244, 2, 1, false),
    (1360, 80245, 1, 1, false),
    (1361, 80245, 2, 1, false),
    (1362, 80246, 1, 1, false),
    (1363, 80246, 2, 1, false),
    (1364, 80247, 1, 1, false),
    (1365, 80247, 2, 1, false),
    (1366, 80248, 1, 1, false),
    (1367, 80248, 2, 1, false),
    (1368, 80249, 1, 1, false),
    (1369, 80249, 2, 1, false),
    (1370, 80250, 1, 1, false),
    (1371, 80250, 2, 1, false),
    (1372, 80251, 1, 1, false),
    (1373, 80251, 2, 1, false),
    (1374, 80252, 1, 1, false),
    (1375, 80252, 2, 1, false),
    (1376, 80253, 1, 1, false),
    (1377, 80253, 2, 1, false),
    (1378, 80254, 1, 1, false),
    (1379, 80254, 2, 1, false),
    (1380, 80255, 1, 1, false),
    (1381, 80255, 2, 1, false),
    (1382, 80256, 1, 1, false),
    (1383, 80256, 2, 1, false),
    (1384, 80257, 1, 1, false),
    (1385, 80257, 2, 1, false),
    (1386, 80258, 1, 1, false),
    (1387, 80258, 2, 1, false),
    (1388, 80259, 1, 1, false),
    (1389, 80259, 2, 1, false),
    (1390, 80260, 1, 1, false),
    (1391, 80260, 2, 1, false),
    (1392, 80261, 1, 1, false),
    (1393, 80261, 2, 1, false),
    (1394, 80262, 1, 1, false),
    (1395, 80262, 2, 1, false),
    (1396, 80263, 1, 1, false),
    (1397, 80263, 2, 1, false),
    (1398, 80264, 1, 1, false),
    (1399, 80264, 2, 1, false),
    (1400, 80265, 1, 1, false),
    (1401, 80265, 2, 1, false),
    (1402, 80266, 1, 1, false),
    (1403, 80266, 2, 1, false),
    (1404, 80267, 1, 1, false),
    (1405, 80267, 2, 1, false),
    (1406, 80268, 1, 1, false),
    (1407, 80268, 2, 1, false),
    (1408, 80269, 1, 1, false),
    (1409, 80269, 2, 1, false),
    (1410, 80270, 1, 1, false),
    (1411, 80270, 2, 1, false),
    (1412, 80271, 1, 1, false),
    (1413, 80271, 2, 1, false);


-- ============================================
-- ⚠️ LiberalCategory enum에 SOCIETY_AND_HISTORY 값 추가 필요
-- ============================================

-- ============================================
-- 1. Lecture Group 추가 (27개, 괄호 수식어 제거 기준 병합)
-- ============================================
INSERT INTO lecture_group (lecture_group_id, lecture_group_name)
VALUES
    (86, '세계의 전쟁과 평화'),
    (87, '다문화와 한국의 미래'),
    (88, '현대사회와 정의'),
    (89, '유럽사상의 역사'),
    (90, '세계시장의 흐름과 한국경제'),
    (91, '한국사'),
    (92, '글로벌 시민교육'),
    (93, '분단의 극복과 통일'),
    (94, '기업과 경영의 역사'),
    (95, '사회학의 이해'),
    (96, '한국현대사와 세계'),
    (97, '오늘의 중국'),
    (98, '심리학의이해'),
    (99, '민주시민과정치'),
    (100, '디지털 미디어 리터러시'),
    (101, '동남아시아 지역의 이해'),
    (102, '콘텐츠 기획과 독립출판'),
    (103, '기업가정신'),
    (104, '지속가능한 미래사회'),
    (105, '플랫폼 혁명의 이해'),
    (106, '전근대 한국사와 동아시아 네트워크'),
    (107, '역사와 사회로 읽는 미술'),
    (108, '사회변동과 성역할'),
    (109, '기업과사회'),
    (110, '문화인류학'),
    (111, '지방자치의이해'),
    (112, '글로벌시대의 국제정치');

-- ============================================
-- 2. Lecture 추가 (교양선택 / 사회와 역사, 총 49개 분반)
-- (12주) 표기 과목은 3학년, 나머지는 1학년, 전부 2학기
-- ============================================
INSERT INTO lecture
(
    lecture_id, lecture_name, credit, course_classification, liberal_category,
    semester, lecture_year, grade, classroom, professor, course_code, lecture_group_id
)
VALUES
    (80272, '세계의 전쟁과 평화', 2, 'LIBERAL_ELECTIVE', 'SOCIETY_AND_HISTORY', 2, 2026, 1, '비전타워-317', '안윤아', '11333001', 86),
    (80273, '세계의 전쟁과 평화', 2, 'LIBERAL_ELECTIVE', 'SOCIETY_AND_HISTORY', 2, 2026, 1, '비전타워-317', '안윤아', '11333002', 86),
    (80274, '세계의 전쟁과 평화', 2, 'LIBERAL_ELECTIVE', 'SOCIETY_AND_HISTORY', 2, 2026, 1, '비전타워-317', '안윤아', '11333003', 86),
    (80275, '다문화와 한국의 미래', 2, 'LIBERAL_ELECTIVE', 'SOCIETY_AND_HISTORY', 2, 2026, 1, '비전타워-B103', null, '11334001', 87),
    (80276, '다문화와 한국의 미래', 2, 'LIBERAL_ELECTIVE', 'SOCIETY_AND_HISTORY', 2, 2026, 1, '비전타워-B103', null, '11334002', 87),
    (80277, '현대사회와 정의 (실시간화상강의)', 2, 'LIBERAL_ELECTIVE', 'SOCIETY_AND_HISTORY', 2, 2026, 1, '화상강의강의실(가상)', '김연정', '11353001', 88),
    (80278, '유럽사상의 역사', 2, 'LIBERAL_ELECTIVE', 'SOCIETY_AND_HISTORY', 2, 2026, 1, '비전타워-303', '김기복', '11372001', 89),
    (80279, '세계시장의 흐름과 한국경제', 2, 'LIBERAL_ELECTIVE', 'SOCIETY_AND_HISTORY', 2, 2026, 1, '비전타워-415', '심완섭', '11390001', 90),
    (80280, '세계시장의 흐름과 한국경제', 2, 'LIBERAL_ELECTIVE', 'SOCIETY_AND_HISTORY', 2, 2026, 1, '비전타워-415', '심완섭', '11390002', 90),
    (80281, '한국사', 2, 'LIBERAL_ELECTIVE', 'SOCIETY_AND_HISTORY', 2, 2026, 1, '비전타워-B203', null, '11670001', 91),
    (80282, '한국사', 2, 'LIBERAL_ELECTIVE', 'SOCIETY_AND_HISTORY', 2, 2026, 1, '비전타워-320', '안성진', '11670002', 91),
    (80283, '한국사', 2, 'LIBERAL_ELECTIVE', 'SOCIETY_AND_HISTORY', 2, 2026, 1, '비전타워-320', '이창섭', '11670003', 91),
    (80284, '한국사', 2, 'LIBERAL_ELECTIVE', 'SOCIETY_AND_HISTORY', 2, 2026, 1, '비전타워-302', '안성진', '11670004', 91),
    (80285, '한국사', 2, 'LIBERAL_ELECTIVE', 'SOCIETY_AND_HISTORY', 2, 2026, 1, '비전타워-B103', '김보광', '11670005', 91),
    (80286, '한국사', 2, 'LIBERAL_ELECTIVE', 'SOCIETY_AND_HISTORY', 2, 2026, 1, '비전타워-B103', '김지훈', '11670006', 91),
    (80287, '글로벌 시민교육 (실시간화상강의)', 2, 'LIBERAL_ELECTIVE', 'SOCIETY_AND_HISTORY', 2, 2026, 1, '화상강의강의실(가상)', '김혜수', '12403001', 92),
    (80288, '분단의 극복과 통일', 2, 'LIBERAL_ELECTIVE', 'SOCIETY_AND_HISTORY', 2, 2026, 1, '비전타워-515', '오삼언', '12409001', 93),
    (80289, '분단의 극복과 통일', 2, 'LIBERAL_ELECTIVE', 'SOCIETY_AND_HISTORY', 2, 2026, 1, '비전타워-515', '오삼언', '12409002', 93),
    (80290, '기업과 경영의 역사 (MOOC)', 2, 'LIBERAL_ELECTIVE', 'SOCIETY_AND_HISTORY', 2, 2026, 1, '화상강의강의실(가상)', '조성준', '12718001', 94),
    (80291, '사회학의 이해', 3, 'LIBERAL_ELECTIVE', 'SOCIETY_AND_HISTORY', 2, 2026, 1, '비전타워-317', '백승민', '13480001', 95),
    (80292, '한국현대사와 세계', 3, 'LIBERAL_ELECTIVE', 'SOCIETY_AND_HISTORY', 2, 2026, 1, '비전타워-310', null, '13482001', 96),
    (80293, '오늘의 중국 (공학인증)', 3, 'LIBERAL_ELECTIVE', 'SOCIETY_AND_HISTORY', 2, 2026, 1, '비전타워-418', '정문상', '13484001', 97),
    (80294, '오늘의 중국', 3, 'LIBERAL_ELECTIVE', 'SOCIETY_AND_HISTORY', 2, 2026, 1, '비전타워-418', '정문상', '13484002', 97),
    (80295, '심리학의이해 (MOOC)', 3, 'LIBERAL_ELECTIVE', 'SOCIETY_AND_HISTORY', 2, 2026, 1, '화상강의강의실(가상)', '최혜만', '13548001', 98),
    (80296, '심리학의이해 (실시간화상강의)', 3, 'LIBERAL_ELECTIVE', 'SOCIETY_AND_HISTORY', 2, 2026, 1, '화상강의강의실(가상)', '김효정', '13548002', 98),
    (80297, '민주시민과정치', 3, 'LIBERAL_ELECTIVE', 'SOCIETY_AND_HISTORY', 2, 2026, 1, '비전타워-310', '손정욱', '13839001', 99),
    (80298, '민주시민과정치', 3, 'LIBERAL_ELECTIVE', 'SOCIETY_AND_HISTORY', 2, 2026, 1, '비전타워-310', '손정욱', '13839002', 99),
    (80299, '디지털 미디어 리터러시 (실시간화상강의)', 3, 'LIBERAL_ELECTIVE', 'SOCIETY_AND_HISTORY', 2, 2026, 1, '화상강의강의실(가상)', '조윤경', '14289001', 100),
    (80300, '동남아시아 지역의 이해', 2, 'LIBERAL_ELECTIVE', 'SOCIETY_AND_HISTORY', 2, 2026, 1, '비전타워-314', '이효선', '14290001', 101),
    (80301, '동남아시아 지역의 이해', 2, 'LIBERAL_ELECTIVE', 'SOCIETY_AND_HISTORY', 2, 2026, 1, '비전타워-314', '이효선', '14290002', 101),
    (80302, '콘텐츠 기획과 독립출판', 2, 'LIBERAL_ELECTIVE', 'SOCIETY_AND_HISTORY', 2, 2026, 1, '비전타워-314', '이정아', '14631001', 102),
    (80303, '콘텐츠 기획과 독립출판', 2, 'LIBERAL_ELECTIVE', 'SOCIETY_AND_HISTORY', 2, 2026, 1, '비전타워-314', '이정아', '14631002', 102),
    (80304, '기업가정신', 2, 'LIBERAL_ELECTIVE', 'SOCIETY_AND_HISTORY', 2, 2026, 1, 'AI관-100', '최재홍', '14885002', 103),
    (80305, '지속가능한 미래사회', 3, 'LIBERAL_ELECTIVE', 'SOCIETY_AND_HISTORY', 2, 2026, 1, '비전타워-416', '강진영', '14933001', 104),
    (80306, '지속가능한 미래사회', 3, 'LIBERAL_ELECTIVE', 'SOCIETY_AND_HISTORY', 2, 2026, 1, '비전타워-416', '강진영', '14933002', 104),
    (80307, '플랫폼 혁명의 이해 (실시간화상강의)', 2, 'LIBERAL_ELECTIVE', 'SOCIETY_AND_HISTORY', 2, 2026, 1, '화상강의강의실(가상)', '이승훈', '15563001', 105),
    (80308, '전근대 한국사와 동아시아 네트워크', 2, 'LIBERAL_ELECTIVE', 'SOCIETY_AND_HISTORY', 2, 2026, 1, '비전타워-314', '김보광', '15981001', 106),
    (80309, '전근대 한국사와 동아시아 네트워크', 2, 'LIBERAL_ELECTIVE', 'SOCIETY_AND_HISTORY', 2, 2026, 1, '비전타워-314', '김보광', '15981002', 106),
    (80310, '역사와 사회로 읽는 미술', 2, 'LIBERAL_ELECTIVE', 'SOCIETY_AND_HISTORY', 2, 2026, 1, '비전타워-416', '홍지혜', '16020001', 107),
    (80311, '사회변동과 성역할 (12주)', 2, 'LIBERAL_ELECTIVE', 'SOCIETY_AND_HISTORY', 2, 2026, 3, '비전타워-515', null, '60015001', 108),
    (80312, '기업과사회', 2, 'LIBERAL_ELECTIVE', 'SOCIETY_AND_HISTORY', 2, 2026, 1, '비전타워-316', null, '05205001', 109),
    (80313, '문화인류학', 2, 'LIBERAL_ELECTIVE', 'SOCIETY_AND_HISTORY', 2, 2026, 1, '비전타워-201', '서대승', '05615001', 110),
    (80314, '문화인류학', 2, 'LIBERAL_ELECTIVE', 'SOCIETY_AND_HISTORY', 2, 2026, 1, '비전타워-201', '서대승', '05615002', 110),
    (80315, '지방자치의이해', 2, 'LIBERAL_ELECTIVE', 'SOCIETY_AND_HISTORY', 2, 2026, 1, '비전타워-309', '김규식', '05710001', 111),
    (80316, '지방자치의이해', 2, 'LIBERAL_ELECTIVE', 'SOCIETY_AND_HISTORY', 2, 2026, 1, '비전타워-309', '김규식', '05710002', 111),
    (80317, '사회변동과 성역할', 2, 'LIBERAL_ELECTIVE', 'SOCIETY_AND_HISTORY', 2, 2026, 1, '비전타워-315', null, '09376001', 108),
    (80318, '사회변동과 성역할 (실시간화상강의)', 2, 'LIBERAL_ELECTIVE', 'SOCIETY_AND_HISTORY', 2, 2026, 1, '화상강의강의실(가상)', null, '09376002', 108),
    (80319, '사회변동과 성역할 (실시간화상강의)', 2, 'LIBERAL_ELECTIVE', 'SOCIETY_AND_HISTORY', 2, 2026, 1, '화상강의강의실(가상)', '정슬기', '09376003', 108),
    (80320, '글로벌시대의 국제정치', 2, 'LIBERAL_ELECTIVE', 'SOCIETY_AND_HISTORY', 2, 2026, 1, '비전타워-B204', '나병인', '09663001', 112);

-- ============================================
-- 3. Lecture Schedule 추가 (교시 -> 표준 시간 변환)
-- ============================================
INSERT INTO lecture_schedule (lecture_schedule_id, lecture_id, day_of_week, start_time, end_time)
VALUES
    (200281, 80272, 'THU', '13:00:00', '15:00:00'), -- 목5~목6
    (200282, 80273, 'THU', '15:00:00', '17:00:00'), -- 목7~목8
    (200283, 80274, 'THU', '17:00:00', '19:00:00'), -- 목9~목10
    (200284, 80275, 'THU', '15:00:00', '17:00:00'), -- 목7~목8
    (200285, 80276, 'THU', '13:00:00', '15:00:00'), -- 목5~목6
    (200286, 80277, 'THU', '15:00:00', '17:00:00'), -- 목7~목8
    (200287, 80278, 'THU', '13:00:00', '15:00:00'), -- 목5~목6
    (200288, 80279, 'THU', '13:00:00', '15:00:00'), -- 목5~목6
    (200289, 80280, 'THU', '15:00:00', '17:00:00'), -- 목7~목8
    (200290, 80281, 'TUE', '13:00:00', '15:00:00'), -- 화5~화6
    (200291, 80282, 'WED', '11:00:00', '13:00:00'), -- 수3~수4
    (200292, 80283, 'THU', '11:00:00', '13:00:00'), -- 목3~목4
    (200293, 80284, 'WED', '15:00:00', '17:00:00'), -- 수7~수8
    (200294, 80285, 'MON', '11:00:00', '13:00:00'), -- 월3~월4
    (200295, 80286, 'MON', '13:00:00', '15:00:00'), -- 월5~월6
    (200296, 80287, 'THU', '09:00:00', '11:00:00'), -- 목1~목2
    (200297, 80288, 'MON', '11:00:00', '13:00:00'), -- 월3~월4
    (200298, 80289, 'MON', '13:00:00', '15:00:00'), -- 월5~월6
    (200299, 80290, 'TUE', '13:00:00', '15:00:00'), -- 화5~화6
    (200300, 80291, 'TUE', '13:00:00', '16:00:00'), -- 화5~화7
    (200301, 80292, 'TUE', '09:00:00', '12:00:00'), -- 화1~화3
    (200302, 80293, 'THU', '14:00:00', '17:00:00'), -- 목6~목8
    (200303, 80294, 'WED', '14:00:00', '17:00:00'), -- 수6~수8
    (200304, 80295, 'TUE', '15:00:00', '18:00:00'), -- 화7~화9
    (200305, 80296, 'THU', '09:00:00', '12:00:00'), -- 목1~목3
    (200306, 80297, 'WED', '09:00:00', '12:00:00'), -- 수1~수3
    (200307, 80298, 'WED', '12:00:00', '15:00:00'), -- 수4~수6
    (200308, 80299, 'TUE', '09:00:00', '12:00:00'), -- 화1~화3
    (200309, 80300, 'MON', '11:00:00', '13:00:00'), -- 월3~월4
    (200310, 80301, 'THU', '11:00:00', '13:00:00'), -- 목3~목4
    (200311, 80302, 'THU', '13:00:00', '15:00:00'), -- 목5~목6
    (200312, 80303, 'THU', '15:00:00', '17:00:00'), -- 목7~목8
    (200313, 80304, 'WED', '11:00:00', '13:00:00'), -- 수3~수4
    (200314, 80305, 'TUE', '10:00:00', '13:00:00'), -- 화2~화4
    (200315, 80306, 'TUE', '14:00:00', '17:00:00'), -- 화6~화8
    (200316, 80307, 'WED', '15:00:00', '17:00:00'), -- 수7~수8
    (200317, 80308, 'WED', '11:00:00', '13:00:00'), -- 수3~수4
    (200318, 80309, 'WED', '13:00:00', '15:00:00'), -- 수5~수6
    (200319, 80310, 'WED', '09:00:00', '11:00:00'), -- 수1~수2
    (200320, 80311, 'FRI', '14:00:00', '17:00:00'), -- 금6~금8
    (200321, 80312, 'THU', '13:00:00', '15:00:00'), -- 목5~목6
    (200322, 80313, 'WED', '09:00:00', '11:00:00'), -- 수1~수2
    (200323, 80314, 'WED', '11:00:00', '13:00:00'), -- 수3~수4
    (200324, 80315, 'THU', '13:00:00', '15:00:00'), -- 목5~목6
    (200325, 80316, 'THU', '15:00:00', '17:00:00'), -- 목7~목8
    (200326, 80317, 'THU', '13:00:00', '15:00:00'), -- 목5~목6
    (200327, 80318, 'THU', '15:00:00', '17:00:00'), -- 목7~목8
    (200328, 80319, 'THU', '09:00:00', '11:00:00'), -- 목1~목2
    (200329, 80320, 'THU', '15:00:00', '17:00:00'); -- 목7~목8

-- ============================================
-- 4. Curriculum 추가 (경영학과=1, 컴퓨터공학과=2 둘 다 / requirement=false)
-- ============================================
INSERT INTO curriculum (curriculum_id, lecture_id, department_id, grade, requirement)
VALUES
    (1414, 80272, 1, 1, false),
    (1415, 80272, 2, 1, false),
    (1416, 80273, 1, 1, false),
    (1417, 80273, 2, 1, false),
    (1418, 80274, 1, 1, false),
    (1419, 80274, 2, 1, false),
    (1420, 80275, 1, 1, false),
    (1421, 80275, 2, 1, false),
    (1422, 80276, 1, 1, false),
    (1423, 80276, 2, 1, false),
    (1424, 80277, 1, 1, false),
    (1425, 80277, 2, 1, false),
    (1426, 80278, 1, 1, false),
    (1427, 80278, 2, 1, false),
    (1428, 80279, 1, 1, false),
    (1429, 80279, 2, 1, false),
    (1430, 80280, 1, 1, false),
    (1431, 80280, 2, 1, false),
    (1432, 80281, 1, 1, false),
    (1433, 80281, 2, 1, false),
    (1434, 80282, 1, 1, false),
    (1435, 80282, 2, 1, false),
    (1436, 80283, 1, 1, false),
    (1437, 80283, 2, 1, false),
    (1438, 80284, 1, 1, false),
    (1439, 80284, 2, 1, false),
    (1440, 80285, 1, 1, false),
    (1441, 80285, 2, 1, false),
    (1442, 80286, 1, 1, false),
    (1443, 80286, 2, 1, false),
    (1444, 80287, 1, 1, false),
    (1445, 80287, 2, 1, false),
    (1446, 80288, 1, 1, false),
    (1447, 80288, 2, 1, false),
    (1448, 80289, 1, 1, false),
    (1449, 80289, 2, 1, false),
    (1450, 80290, 1, 1, false),
    (1451, 80290, 2, 1, false),
    (1452, 80291, 1, 1, false),
    (1453, 80291, 2, 1, false),
    (1454, 80292, 1, 1, false),
    (1455, 80292, 2, 1, false),
    (1456, 80293, 1, 1, false),
    (1457, 80293, 2, 1, false),
    (1458, 80294, 1, 1, false),
    (1459, 80294, 2, 1, false),
    (1460, 80295, 1, 1, false),
    (1461, 80295, 2, 1, false),
    (1462, 80296, 1, 1, false),
    (1463, 80296, 2, 1, false),
    (1464, 80297, 1, 1, false),
    (1465, 80297, 2, 1, false),
    (1466, 80298, 1, 1, false),
    (1467, 80298, 2, 1, false),
    (1468, 80299, 1, 1, false),
    (1469, 80299, 2, 1, false),
    (1470, 80300, 1, 1, false),
    (1471, 80300, 2, 1, false),
    (1472, 80301, 1, 1, false),
    (1473, 80301, 2, 1, false),
    (1474, 80302, 1, 1, false),
    (1475, 80302, 2, 1, false),
    (1476, 80303, 1, 1, false),
    (1477, 80303, 2, 1, false),
    (1478, 80304, 1, 1, false),
    (1479, 80304, 2, 1, false),
    (1480, 80305, 1, 1, false),
    (1481, 80305, 2, 1, false),
    (1482, 80306, 1, 1, false),
    (1483, 80306, 2, 1, false),
    (1484, 80307, 1, 1, false),
    (1485, 80307, 2, 1, false),
    (1486, 80308, 1, 1, false),
    (1487, 80308, 2, 1, false),
    (1488, 80309, 1, 1, false),
    (1489, 80309, 2, 1, false),
    (1490, 80310, 1, 1, false),
    (1491, 80310, 2, 1, false),
    (1492, 80311, 1, 3, false),
    (1493, 80311, 2, 3, false),
    (1494, 80312, 1, 1, false),
    (1495, 80312, 2, 1, false),
    (1496, 80313, 1, 1, false),
    (1497, 80313, 2, 1, false),
    (1498, 80314, 1, 1, false),
    (1499, 80314, 2, 1, false),
    (1500, 80315, 1, 1, false),
    (1501, 80315, 2, 1, false),
    (1502, 80316, 1, 1, false),
    (1503, 80316, 2, 1, false),
    (1504, 80317, 1, 1, false),
    (1505, 80317, 2, 1, false),
    (1506, 80318, 1, 1, false),
    (1507, 80318, 2, 1, false),
    (1508, 80319, 1, 1, false),
    (1509, 80319, 2, 1, false),
    (1510, 80320, 1, 1, false),
    (1511, 80320, 2, 1, false);



-- ============================================
-- ⚠️ LiberalCategory enum에 NATURE_AND_SCIENCE 값 추가 필요
-- 조기취업형 계약학과 전용 3개(08443001~003)는 제외됨
-- ============================================

-- ============================================
-- 1. Lecture Group 추가 (20개, 괄호 수식어 제거 기준 병합)
-- ============================================
INSERT INTO lecture_group (lecture_group_id, lecture_group_name)
VALUES
    (113, '성의 과학'),
    (114, '디지털엔터테인먼트'),
    (115, '생명과 나눔'),
    (116, '뇌신경과학의 이해'),
    (117, '과학사의이해'),
    (118, '인간과 우주'),
    (119, '기술과세계사전환'),
    (120, '인간·자연·과학 명저 읽기'),
    (121, '대학생을 위한 학술적글쓰기'),
    (122, '창의적 사고'),
    (123, 'AI'),
    (124, '식물과 인간'),
    (125, '생활 속 화학'),
    (126, '인공지능 시대의 인간의 학습'),
    (127, '인간본성과 기술의 진화'),
    (128, '역사 속 신소재'),
    (129, '인공지능로봇의 이해'),
    (130, '반도체와 현대산업'),
    (131, '사상의학의이해'),
    (132, '생활속의 생명공학');

-- ============================================
-- 2. Lecture 추가 (교양선택 / 자연과 과학, 총 42개 분반)
-- (12주) 표기 과목은 3학년, 나머지는 1학년, 전부 2학기
-- ============================================
INSERT INTO lecture
(
    lecture_id, lecture_name, credit, course_classification, liberal_category,
    semester, lecture_year, grade, classroom, professor, course_code, lecture_group_id
)
VALUES
    (80321, '성의 과학 (실시간화상강의)', 2, 'LIBERAL_ELECTIVE', 'NATURE_AND_SCIENCE', 2, 2026, 1, '화상강의강의실(가상)', '김대영', '11342001', 113),
    (80322, '디지털엔터테인먼트', 2, 'LIBERAL_ELECTIVE', 'NATURE_AND_SCIENCE', 2, 2026, 1, '비전타워-515', '설정헌', '11369001', 114),
    (80323, '디지털엔터테인먼트', 2, 'LIBERAL_ELECTIVE', 'NATURE_AND_SCIENCE', 2, 2026, 1, '비전타워-515', '설정헌', '11369002', 114),
    (80324, '생명과 나눔', 2, 'LIBERAL_ELECTIVE', 'NATURE_AND_SCIENCE', 2, 2026, 1, '비전타워-307', '김정수', '11393001', 115),
    (80325, '생명과 나눔', 2, 'LIBERAL_ELECTIVE', 'NATURE_AND_SCIENCE', 2, 2026, 1, '비전타워-307', '김정수', '11393002', 115),
    (80326, '생명과 나눔', 2, 'LIBERAL_ELECTIVE', 'NATURE_AND_SCIENCE', 2, 2026, 1, '비전타워-403', '김혜정', '11393003', 115),
    (80327, '생명과 나눔', 2, 'LIBERAL_ELECTIVE', 'NATURE_AND_SCIENCE', 2, 2026, 1, '비전타워-403', '김유정', '11393004', 115),
    (80328, '생명과 나눔', 2, 'LIBERAL_ELECTIVE', 'NATURE_AND_SCIENCE', 2, 2026, 1, '비전타워-320', '강수경', '11393005', 115),
    (80329, '생명과 나눔', 2, 'LIBERAL_ELECTIVE', 'NATURE_AND_SCIENCE', 2, 2026, 1, '비전타워-403', '김유정', '11393006', 115),
    (80330, '생명과 나눔', 2, 'LIBERAL_ELECTIVE', 'NATURE_AND_SCIENCE', 2, 2026, 1, '비전타워-403', '김유정', '11393007', 115),
    (80331, '뇌신경과학의 이해', 2, 'LIBERAL_ELECTIVE', 'NATURE_AND_SCIENCE', 2, 2026, 1, '비전타워-415', '김희진', '12397001', 116),
    (80332, '뇌신경과학의 이해', 2, 'LIBERAL_ELECTIVE', 'NATURE_AND_SCIENCE', 2, 2026, 1, '비전타워-415', '김희진', '12397002', 116),
    (80333, '과학사의이해', 3, 'LIBERAL_ELECTIVE', 'NATURE_AND_SCIENCE', 2, 2026, 1, '비전타워-302', '백귀찬', '13489001', 117),
    (80334, '과학사의이해', 3, 'LIBERAL_ELECTIVE', 'NATURE_AND_SCIENCE', 2, 2026, 1, '비전타워-316', '백귀찬', '13489002', 117),
    (80335, '인간과 우주', 3, 'LIBERAL_ELECTIVE', 'NATURE_AND_SCIENCE', 2, 2026, 1, '비전타워-303', '조우람', '13490001', 118),
    (80336, '인간과 우주', 3, 'LIBERAL_ELECTIVE', 'NATURE_AND_SCIENCE', 2, 2026, 1, '비전타워-305', '조우람', '13490002', 118),
    (80337, '기술과세계사전환', 3, 'LIBERAL_ELECTIVE', 'NATURE_AND_SCIENCE', 2, 2026, 1, '비전타워-B103', '홍준희', '13837001', 119),
    (80338, '기술과세계사전환 (실시간화상강의)', 3, 'LIBERAL_ELECTIVE', 'NATURE_AND_SCIENCE', 2, 2026, 1, '화상강의강의실(가상)', '홍준희', '13837002', 119),
    (80339, '인간·자연·과학 명저 읽기', 2, 'LIBERAL_ELECTIVE', 'NATURE_AND_SCIENCE', 2, 2026, 1, '비전타워-304', '나지영', '14627001', 120),
    (80340, '인간·자연·과학 명저 읽기', 2, 'LIBERAL_ELECTIVE', 'NATURE_AND_SCIENCE', 2, 2026, 1, '비전타워-309', '이상숙', '14627002', 120),
    (80341, '인간·자연·과학 명저 읽기', 2, 'LIBERAL_ELECTIVE', 'NATURE_AND_SCIENCE', 2, 2026, 1, '비전타워-309', '이상숙', '14627003', 120),
    (80342, '인간·자연·과학 명저 읽기', 2, 'LIBERAL_ELECTIVE', 'NATURE_AND_SCIENCE', 2, 2026, 1, '비전타워-310', '이상숙', '14627004', 120),
    (80343, '대학생을 위한 학술적글쓰기', 2, 'LIBERAL_ELECTIVE', 'NATURE_AND_SCIENCE', 2, 2026, 1, '비전타워-414', '허재홍', '14632001', 121),
    (80344, '대학생을 위한 학술적글쓰기 (공학인증)', 2, 'LIBERAL_ELECTIVE', 'NATURE_AND_SCIENCE', 2, 2026, 1, '비전타워-307', '엄태경', '14632002', 121),
    (80345, '대학생을 위한 학술적글쓰기', 2, 'LIBERAL_ELECTIVE', 'NATURE_AND_SCIENCE', 2, 2026, 1, '비전타워-310', '전지은', '14632003', 121),
    (80346, '대학생을 위한 학술적글쓰기', 2, 'LIBERAL_ELECTIVE', 'NATURE_AND_SCIENCE', 2, 2026, 1, '비전타워-310', '박지해', '14632004', 121),
    (80347, '창의적 사고', 2, 'LIBERAL_ELECTIVE', 'NATURE_AND_SCIENCE', 2, 2026, 1, '비전타워-417', '남윤정', '14633001', 122),
    (80348, '창의적 사고', 2, 'LIBERAL_ELECTIVE', 'NATURE_AND_SCIENCE', 2, 2026, 1, '비전타워-417', '남윤정', '14633002', 122),
    (80349, '창의적 사고 (실시간화상강의)', 2, 'LIBERAL_ELECTIVE', 'NATURE_AND_SCIENCE', 2, 2026, 1, '화상강의강의실(가상)', '조선희', '14633003', 122),
    (80350, 'AI(인공지능)활용과 윤리', 3, 'LIBERAL_ELECTIVE', 'NATURE_AND_SCIENCE', 2, 2026, 1, '비전타워-201', '박정인', '14931001', 123),
    (80351, 'AI(인공지능)활용과 윤리 (실시간화상강의)', 3, 'LIBERAL_ELECTIVE', 'NATURE_AND_SCIENCE', 2, 2026, 1, '화상강의강의실(가상)', 'Sara Oh', '14931002', 123),
    (80352, '식물과 인간', 3, 'LIBERAL_ELECTIVE', 'NATURE_AND_SCIENCE', 2, 2026, 1, '비전타워-316', '김주환', '15558001', 124),
    (80353, '식물과 인간', 3, 'LIBERAL_ELECTIVE', 'NATURE_AND_SCIENCE', 2, 2026, 1, '비전타워-316', '김주환', '15558002', 124),
    (80354, '생활 속 화학', 3, 'LIBERAL_ELECTIVE', 'NATURE_AND_SCIENCE', 2, 2026, 1, '비전타워-309', '이내윤', '15560001', 125),
    (80355, '인공지능 시대의 인간의 학습 (실시간화상강의)', 2, 'LIBERAL_ELECTIVE', 'NATURE_AND_SCIENCE', 2, 2026, 1, '화상강의강의실(가상)', '유지원', '15565001', 126),
    (80356, '인간본성과 기술의 진화', 3, 'LIBERAL_ELECTIVE', 'NATURE_AND_SCIENCE', 2, 2026, 1, 'AI관-100', '장대익', '15676001', 127),
    (80357, '역사 속 신소재', 2, 'LIBERAL_ELECTIVE', 'NATURE_AND_SCIENCE', 2, 2026, 1, '비전타워-B103', '윤영수', '15987001', 128),
    (80358, '인공지능로봇의 이해', 2, 'LIBERAL_ELECTIVE', 'NATURE_AND_SCIENCE', 2, 2026, 1, 'AI관-413', '민홍', '15994001', 129),
    (80359, '반도체와 현대산업', 3, 'LIBERAL_ELECTIVE', 'NATURE_AND_SCIENCE', 2, 2026, 1, '반도체대학-233', '이상렬', '16019001', 130),
    (80360, '생명과 나눔 (12주)', 2, 'LIBERAL_ELECTIVE', 'NATURE_AND_SCIENCE', 2, 2026, 3, '비전타워-303', '김혜정', '60011001', 115),
    (80361, '사상의학의이해 (실시간화상강의)', 2, 'LIBERAL_ELECTIVE', 'NATURE_AND_SCIENCE', 2, 2026, 1, '화상강의강의실(가상)', null, '05271001', 131),
    (80362, '생활속의 생명공학 (실시간화상강의)', 2, 'LIBERAL_ELECTIVE', 'NATURE_AND_SCIENCE', 2, 2026, 1, '화상강의강의실(가상)', '이종훈', '08443004', 132);

-- ============================================
-- 3. Lecture Schedule 추가 (교시 -> 표준 시간 변환)
-- ============================================
INSERT INTO lecture_schedule (lecture_schedule_id, lecture_id, day_of_week, start_time, end_time)
VALUES
    (200330, 80321, 'WED', '13:00:00', '15:00:00'), -- 수5~수6
    (200331, 80322, 'WED', '13:00:00', '15:00:00'), -- 수5~수6
    (200332, 80323, 'WED', '15:00:00', '17:00:00'), -- 수7~수8
    (200333, 80324, 'MON', '09:00:00', '11:00:00'), -- 월1~월2
    (200334, 80325, 'MON', '11:00:00', '13:00:00'), -- 월3~월4
    (200335, 80326, 'TUE', '11:00:00', '13:00:00'), -- 화3~화4
    (200336, 80327, 'WED', '11:00:00', '13:00:00'), -- 수3~수4
    (200337, 80328, 'TUE', '11:00:00', '13:00:00'), -- 화3~화4
    (200338, 80329, 'WED', '13:00:00', '15:00:00'), -- 수5~수6
    (200339, 80330, 'THU', '11:00:00', '13:00:00'), -- 목3~목4
    (200340, 80331, 'WED', '11:00:00', '13:00:00'), -- 수3~수4
    (200341, 80332, 'WED', '13:00:00', '15:00:00'), -- 수5~수6
    (200342, 80333, 'TUE', '09:00:00', '12:00:00'), -- 화1~화3
    (200343, 80334, 'WED', '14:00:00', '17:00:00'), -- 수6~수8
    (200344, 80335, 'WED', '14:00:00', '17:00:00'), -- 수6~수8
    (200345, 80336, 'THU', '14:00:00', '17:00:00'), -- 목6~목8
    (200346, 80337, 'WED', '14:00:00', '17:00:00'), -- 수6~수8
    (200347, 80338, 'WED', '09:00:00', '12:00:00'), -- 수1~수3
    (200348, 80339, 'THU', '15:00:00', '17:00:00'), -- 목7~목8
    (200349, 80340, 'WED', '11:00:00', '13:00:00'), -- 수3~수4
    (200350, 80341, 'WED', '13:00:00', '15:00:00'), -- 수5~수6
    (200351, 80342, 'THU', '12:00:00', '14:00:00'), -- 목4~목5
    (200352, 80343, 'TUE', '11:00:00', '13:00:00'), -- 화3~화4
    (200353, 80344, 'FRI', '13:00:00', '15:00:00'), -- 금5~금6
    (200354, 80345, 'MON', '11:00:00', '13:00:00'), -- 월3~월4
    (200355, 80346, 'MON', '15:00:00', '17:00:00'), -- 월7~월8
    (200356, 80347, 'MON', '13:00:00', '15:00:00'), -- 월5~월6
    (200357, 80348, 'MON', '15:00:00', '17:00:00'), -- 월7~월8
    (200358, 80349, 'WED', '17:00:00', '19:00:00'), -- 수9~수10
    (200359, 80350, 'THU', '15:00:00', '18:00:00'), -- 목7~목9
    (200360, 80351, 'THU', '11:00:00', '14:00:00'), -- 목3~목5
    (200361, 80352, 'TUE', '10:00:00', '13:00:00'), -- 화2~화4
    (200362, 80353, 'TUE', '14:00:00', '17:00:00'), -- 화6~화8
    (200363, 80354, 'TUE', '10:00:00', '13:00:00'), -- 화2~화4
    (200364, 80355, 'TUE', '09:00:00', '11:00:00'), -- 화1~화2
    (200365, 80356, 'THU', '14:00:00', '17:00:00'), -- 목6~목8
    (200366, 80357, 'FRI', '14:00:00', '16:00:00'), -- 금6~금7
    (200367, 80358, 'MON', '10:00:00', '12:00:00'), -- 월2~월3
    (200368, 80359, 'TUE', '15:00:00', '18:00:00'), -- 화7~화9
    (200369, 80360, 'FRI', '14:00:00', '17:00:00'), -- 금6~금8
    (200370, 80361, 'THU', '11:00:00', '13:00:00'), -- 목3~목4
    (200371, 80362, 'WED', '09:00:00', '11:00:00'); -- 수1~수2

-- ============================================
-- 4. Curriculum 추가 (경영학과=1, 컴퓨터공학과=2 둘 다 / requirement=false)
-- ============================================
INSERT INTO curriculum (curriculum_id, lecture_id, department_id, grade, requirement)
VALUES
    (1512, 80321, 1, 1, false),
    (1513, 80321, 2, 1, false),
    (1514, 80322, 1, 1, false),
    (1515, 80322, 2, 1, false),
    (1516, 80323, 1, 1, false),
    (1517, 80323, 2, 1, false),
    (1518, 80324, 1, 1, false),
    (1519, 80324, 2, 1, false),
    (1520, 80325, 1, 1, false),
    (1521, 80325, 2, 1, false),
    (1522, 80326, 1, 1, false),
    (1523, 80326, 2, 1, false),
    (1524, 80327, 1, 1, false),
    (1525, 80327, 2, 1, false),
    (1526, 80328, 1, 1, false),
    (1527, 80328, 2, 1, false),
    (1528, 80329, 1, 1, false),
    (1529, 80329, 2, 1, false),
    (1530, 80330, 1, 1, false),
    (1531, 80330, 2, 1, false),
    (1532, 80331, 1, 1, false),
    (1533, 80331, 2, 1, false),
    (1534, 80332, 1, 1, false),
    (1535, 80332, 2, 1, false),
    (1536, 80333, 1, 1, false),
    (1537, 80333, 2, 1, false),
    (1538, 80334, 1, 1, false),
    (1539, 80334, 2, 1, false),
    (1540, 80335, 1, 1, false),
    (1541, 80335, 2, 1, false),
    (1542, 80336, 1, 1, false),
    (1543, 80336, 2, 1, false),
    (1544, 80337, 1, 1, false),
    (1545, 80337, 2, 1, false),
    (1546, 80338, 1, 1, false),
    (1547, 80338, 2, 1, false),
    (1548, 80339, 1, 1, false),
    (1549, 80339, 2, 1, false),
    (1550, 80340, 1, 1, false),
    (1551, 80340, 2, 1, false),
    (1552, 80341, 1, 1, false),
    (1553, 80341, 2, 1, false),
    (1554, 80342, 1, 1, false),
    (1555, 80342, 2, 1, false),
    (1556, 80343, 1, 1, false),
    (1557, 80343, 2, 1, false),
    (1558, 80344, 1, 1, false),
    (1559, 80344, 2, 1, false),
    (1560, 80345, 1, 1, false),
    (1561, 80345, 2, 1, false),
    (1562, 80346, 1, 1, false),
    (1563, 80346, 2, 1, false),
    (1564, 80347, 1, 1, false),
    (1565, 80347, 2, 1, false),
    (1566, 80348, 1, 1, false),
    (1567, 80348, 2, 1, false),
    (1568, 80349, 1, 1, false),
    (1569, 80349, 2, 1, false),
    (1570, 80350, 1, 1, false),
    (1571, 80350, 2, 1, false),
    (1572, 80351, 1, 1, false),
    (1573, 80351, 2, 1, false),
    (1574, 80352, 1, 1, false),
    (1575, 80352, 2, 1, false),
    (1576, 80353, 1, 1, false),
    (1577, 80353, 2, 1, false),
    (1578, 80354, 1, 1, false),
    (1579, 80354, 2, 1, false),
    (1580, 80355, 1, 1, false),
    (1581, 80355, 2, 1, false),
    (1582, 80356, 1, 1, false),
    (1583, 80356, 2, 1, false),
    (1584, 80357, 1, 1, false),
    (1585, 80357, 2, 1, false),
    (1586, 80358, 1, 1, false),
    (1587, 80358, 2, 1, false),
    (1588, 80359, 1, 1, false),
    (1589, 80359, 2, 1, false),
    (1590, 80360, 1, 3, false),
    (1591, 80360, 2, 3, false),
    (1592, 80361, 1, 1, false),
    (1593, 80361, 2, 1, false),
    (1594, 80362, 1, 1, false),
    (1595, 80362, 2, 1, false);



-- ============================================
-- 1. Lecture Group 추가 (6개)
-- ============================================
INSERT INTO lecture_group (lecture_group_id, lecture_group_name)
VALUES
    (133, '데이터통신'),
    (134, '데이터베이스'),
    (135, '운영체제'),
    (136, 'JAVA'),
    (137, '고급웹프로그래밍'),
    (138, '웹서버프로그래밍');

-- ============================================
-- 2. Lecture 추가 (컴퓨터공학과 2학년 전공, 총 33개 분반)
-- 데이터통신/데이터베이스/운영체제/JAVA = 전필, 고급웹프로그래밍/웹서버프로그래밍 = 전선
-- ============================================
INSERT INTO lecture
(
    lecture_id, lecture_name, credit, course_classification, liberal_category,
    semester, lecture_year, grade, classroom, professor, course_code, lecture_group_id
)
VALUES
    (80363, '데이터통신', 3, 'MAJOR_REQUIREMENT', null, 2, 2026, 2, 'AI관-507', '이병문', '07251001', 133),
    (80364, '데이터통신', 3, 'MAJOR_REQUIREMENT', null, 2, 2026, 2, 'AI관-507', '이병문', '07251003', 133),
    (80365, '데이터통신', 3, 'MAJOR_REQUIREMENT', null, 2, 2026, 2, 'AI관-209', '박양재', '07251004', 133),
    (80366, '데이터통신', 3, 'MAJOR_REQUIREMENT', null, 2, 2026, 2, 'AI관-302', '강석환', '07251005', 133),
    (80367, '데이터통신', 3, 'MAJOR_REQUIREMENT', null, 2, 2026, 2, 'AI관-307', '강영태', '07251006', 133),
    (80368, '데이터통신 (실시간화상강의)', 3, 'MAJOR_REQUIREMENT', null, 2, 2026, 2, '화상강의강의실(가상)', '김우성', '07251007', 133),
    (80369, '데이터베이스', 3, 'MAJOR_REQUIREMENT', null, 2, 2026, 2, 'AI관-306', '오기욱', '08296001', 134),
    (80370, '데이터베이스', 3, 'MAJOR_REQUIREMENT', null, 2, 2026, 2, 'AI관-306', '오기욱', '08296002', 134),
    (80371, '데이터베이스', 3, 'MAJOR_REQUIREMENT', null, 2, 2026, 2, 'AI관-510', '이수현', '08296003', 134),
    (80372, '데이터베이스', 3, 'MAJOR_REQUIREMENT', null, 2, 2026, 2, 'AI관-307', '이수현', '08296004', 134),
    (80373, '데이터베이스', 3, 'MAJOR_REQUIREMENT', null, 2, 2026, 2, 'AI관-209', '이수경', '08296005', 134),
    (80374, '데이터베이스', 3, 'MAJOR_REQUIREMENT', null, 2, 2026, 2, 'AI관-209', '박양재', '08296006', 134),
    (80375, '데이터베이스', 3, 'MAJOR_REQUIREMENT', null, 2, 2026, 2, 'AI관-507', '윤영미', '08296007', 134),
    (80376, '데이터베이스', 3, 'MAJOR_REQUIREMENT', null, 2, 2026, 2, 'AI관-307', '송상준', '08296008', 134),
    (80377, '운영체제', 3, 'MAJOR_REQUIREMENT', null, 2, 2026, 2, 'AI관-209', '오기욱', '08306001', 135),
    (80378, '운영체제', 3, 'MAJOR_REQUIREMENT', null, 2, 2026, 2, 'AI관-209', '오기욱', '08306003', 135),
    (80379, '운영체제', 3, 'MAJOR_REQUIREMENT', null, 2, 2026, 2, 'AI관-306', '오상엽', '08306004', 135),
    (80380, '운영체제', 3, 'MAJOR_REQUIREMENT', null, 2, 2026, 2, 'AI관-306', '오상엽', '08306005', 135),
    (80381, '운영체제', 3, 'MAJOR_REQUIREMENT', null, 2, 2026, 2, 'AI관-508', '이병문', '08306006', 135),
    (80382, '운영체제 (실시간화상강의)', 3, 'MAJOR_REQUIREMENT', null, 2, 2026, 2, '화상강의강의실(가상)', '김우성', '08306007', 135),
    (80383, 'JAVA', 3, 'MAJOR_REQUIREMENT', null, 2, 2026, 2, 'AI관-302', '윤홍수', '13979001', 136),
    (80384, 'JAVA', 3, 'MAJOR_REQUIREMENT', null, 2, 2026, 2, 'AI관-306', '이수경', '13979002', 136),
    (80385, 'JAVA', 3, 'MAJOR_REQUIREMENT', null, 2, 2026, 2, 'AI관-510', '정태수', '13979003', 136),
    (80386, 'JAVA', 3, 'MAJOR_REQUIREMENT', null, 2, 2026, 2, 'AI관-307', '황희정', '13979004', 136),
    (80387, 'JAVA (실시간화상강의)', 3, 'MAJOR_REQUIREMENT', null, 2, 2026, 2, '화상강의강의실(가상)', '황희정', '13979005', 136),
    (80388, '고급웹프로그래밍', 3, 'MAJOR_ELECTIVE', null, 2, 2026, 2, 'AI관-415', '이수경', '14801003', 137),
    (80389, '고급웹프로그래밍 (실시간화상강의)', 3, 'MAJOR_ELECTIVE', null, 2, 2026, 2, '화상강의강의실(가상)', '김창복', '14801004', 137),
    (80390, '고급웹프로그래밍 (실시간화상강의)', 3, 'MAJOR_ELECTIVE', null, 2, 2026, 2, '화상강의강의실(가상)', '김창복', '14801005', 137),
    (80391, '웹서버프로그래밍', 3, 'MAJOR_ELECTIVE', null, 2, 2026, 2, 'AI관-307', '황희정', '14853001', 138),
    (80392, '웹서버프로그래밍', 3, 'MAJOR_ELECTIVE', null, 2, 2026, 2, 'AI관-415', '김형철', '14853002', 138),
    (80393, '웹서버프로그래밍', 3, 'MAJOR_ELECTIVE', null, 2, 2026, 2, 'AI관-508', '김형철', '14853003', 138),
    (80394, '웹서버프로그래밍', 3, 'MAJOR_ELECTIVE', null, 2, 2026, 2, 'AI관-508', '김형철', '14853004', 138),
    (80395, '웹서버프로그래밍', 3, 'MAJOR_ELECTIVE', null, 2, 2026, 2, 'AI관-415', '송상준', '14853005', 138);

-- ============================================
-- 3. Lecture Schedule 추가 (교시 -> 표준 시간 변환)
-- ============================================
INSERT INTO lecture_schedule (lecture_schedule_id, lecture_id, day_of_week, start_time, end_time)
VALUES
    (200372, 80363, 'MON', '13:00:00', '15:00:00'), -- 월5~월6,목5
    (200373, 80363, 'THU', '13:00:00', '14:00:00'), -- 월5~월6,목5
    (200374, 80364, 'THU', '14:00:00', '16:00:00'), -- 목6~목7,금6
    (200375, 80364, 'FRI', '14:00:00', '15:00:00'), -- 목6~목7,금6
    (200376, 80365, 'TUE', '13:00:00', '16:00:00'), -- 화5~화7
    (200377, 80366, 'WED', '12:00:00', '15:00:00'), -- 수4~수6
    (200378, 80367, 'TUE', '15:00:00', '18:00:00'), -- 화7~화9
    (200379, 80368, 'MON', '11:00:00', '12:00:00'), -- 월3,목1~목2
    (200380, 80368, 'THU', '09:00:00', '11:00:00'), -- 월3,목1~목2
    (200381, 80369, 'MON', '15:00:00', '17:00:00'), -- 월7~월8,화7
    (200382, 80369, 'TUE', '15:00:00', '16:00:00'), -- 월7~월8,화7
    (200383, 80370, 'MON', '17:00:00', '18:00:00'), -- 월9,화8~화9
    (200384, 80370, 'TUE', '16:00:00', '18:00:00'), -- 월9,화8~화9
    (200385, 80371, 'WED', '11:00:00', '13:00:00'), -- 수3~수4,목4
    (200386, 80371, 'THU', '12:00:00', '13:00:00'), -- 수3~수4,목4
    (200387, 80372, 'WED', '13:00:00', '15:00:00'), -- 수5~수6,목5
    (200388, 80372, 'THU', '13:00:00', '14:00:00'), -- 수5~수6,목5
    (200389, 80373, 'TUE', '09:00:00', '12:00:00'), -- 화1~화3
    (200390, 80374, 'MON', '13:00:00', '16:00:00'), -- 월5~월7
    (200391, 80375, 'TUE', '09:00:00', '12:00:00'), -- 화1~화3
    (200392, 80376, 'FRI', '15:00:00', '18:00:00'), -- 금7~금9
    (200393, 80377, 'THU', '12:00:00', '14:00:00'), -- 목4~목5,금3
    (200394, 80377, 'FRI', '11:00:00', '12:00:00'), -- 목4~목5,금3
    (200395, 80378, 'THU', '14:00:00', '15:00:00'), -- 목6,금4~금5
    (200396, 80378, 'FRI', '12:00:00', '14:00:00'), -- 목6,금4~금5
    (200397, 80379, 'MON', '09:00:00', '11:00:00'), -- 월1~월2,수3
    (200398, 80379, 'WED', '11:00:00', '12:00:00'), -- 월1~월2,수3
    (200399, 80380, 'TUE', '09:00:00', '10:00:00'), -- 화1,수1~수2
    (200400, 80380, 'WED', '09:00:00', '11:00:00'), -- 화1,수1~수2
    (200401, 80381, 'MON', '17:00:00', '18:00:00'), -- 월9,금8~금9
    (200402, 80381, 'FRI', '16:00:00', '18:00:00'), -- 월9,금8~금9
    (200403, 80382, 'MON', '09:00:00', '11:00:00'), -- 월1~월2,화1
    (200404, 80382, 'TUE', '09:00:00', '10:00:00'), -- 월1~월2,화1
    (200405, 80383, 'WED', '09:00:00', '12:00:00'), -- 수1~수3
    (200406, 80384, 'THU', '09:00:00', '12:00:00'), -- 목1~목3
    (200407, 80385, 'TUE', '09:00:00', '12:00:00'), -- 화1~화3
    (200408, 80386, 'MON', '12:00:00', '14:00:00'), -- 월4~월5,화4
    (200409, 80386, 'TUE', '12:00:00', '13:00:00'), -- 월4~월5,화4
    (200410, 80387, 'TUE', '10:00:00', '11:00:00'), -- 화2,수2~수3
    (200411, 80387, 'WED', '10:00:00', '12:00:00'), -- 화2,수2~수3
    (200412, 80388, 'THU', '13:00:00', '16:00:00'), -- 목5~목7
    (200413, 80389, 'MON', '14:00:00', '15:00:00'), -- 월6,화3~화4
    (200414, 80389, 'TUE', '11:00:00', '13:00:00'), -- 월6,화3~화4
    (200415, 80390, 'MON', '15:00:00', '17:00:00'), -- 월7~월8,화7
    (200416, 80390, 'TUE', '15:00:00', '16:00:00'), -- 월7~월8,화7
    (200417, 80391, 'MON', '14:00:00', '15:00:00'), -- 월6,화5~화6
    (200418, 80391, 'TUE', '13:00:00', '15:00:00'), -- 월6,화5~화6
    (200419, 80392, 'MON', '15:00:00', '18:00:00'), -- 월7~월9
    (200420, 80393, 'THU', '12:00:00', '15:00:00'), -- 목4~목6
    (200421, 80394, 'THU', '15:00:00', '18:00:00'), -- 목7~목9
    (200422, 80395, 'FRI', '12:00:00', '15:00:00'); -- 금4~금6

-- ============================================
-- 4. Curriculum 추가 (컴퓨터공학과=2 만)
-- ============================================
INSERT INTO curriculum (curriculum_id, lecture_id, department_id, grade, requirement)
VALUES
    (1596, 80363, 2, 2, true),
    (1597, 80364, 2, 2, true),
    (1598, 80365, 2, 2, true),
    (1599, 80366, 2, 2, true),
    (1600, 80367, 2, 2, true),
    (1601, 80368, 2, 2, true),
    (1602, 80369, 2, 2, true),
    (1603, 80370, 2, 2, true),
    (1604, 80371, 2, 2, true),
    (1605, 80372, 2, 2, true),
    (1606, 80373, 2, 2, true),
    (1607, 80374, 2, 2, true),
    (1608, 80375, 2, 2, true),
    (1609, 80376, 2, 2, true),
    (1610, 80377, 2, 2, true),
    (1611, 80378, 2, 2, true),
    (1612, 80379, 2, 2, true),
    (1613, 80380, 2, 2, true),
    (1614, 80381, 2, 2, true),
    (1615, 80382, 2, 2, true),
    (1616, 80383, 2, 2, true),
    (1617, 80384, 2, 2, true),
    (1618, 80385, 2, 2, true),
    (1619, 80386, 2, 2, true),
    (1620, 80387, 2, 2, true),
    (1621, 80388, 2, 2, false),
    (1622, 80389, 2, 2, false),
    (1623, 80390, 2, 2, false),
    (1624, 80391, 2, 2, false),
    (1625, 80392, 2, 2, false),
    (1626, 80393, 2, 2, false),
    (1627, 80394, 2, 2, false),
    (1628, 80395, 2, 2, false);


-- ============================================
-- ⚠️ LiberalCategory enum에 COMMON 값 추가 필요
-- 시간표를 차지하지 않는 과목이라 lecture_schedule row는 넣지 않음
-- ============================================

-- ============================================
-- 1. Lecture Group 추가
-- ============================================
INSERT INTO lecture_group (lecture_group_id, lecture_group_name)
VALUES
    (139, '사회봉사2');

-- ============================================
-- 2. Lecture 추가 (사회봉사2, 2학년 교양필수, 총 30개 분반)
-- ============================================
INSERT INTO lecture
(
    lecture_id, lecture_name, credit, course_classification, liberal_category,
    semester, lecture_year, grade, classroom, professor, course_code, lecture_group_id
)
VALUES
    (80396, '사회봉사2 (P/NP)', 1, 'LIBERAL_REQUIREMENT', 'COMMON', 2, 2026, 2, null, '김지형', '09804001', 139),
    (80397, '사회봉사2 (P/NP)', 1, 'LIBERAL_REQUIREMENT', 'COMMON', 2, 2026, 2, null, '정선주', '09804002', 139),
    (80398, '사회봉사2 (P/NP)', 1, 'LIBERAL_REQUIREMENT', 'COMMON', 2, 2026, 2, null, '이근혜', '09804003', 139),
    (80399, '사회봉사2 (P/NP)', 1, 'LIBERAL_REQUIREMENT', 'COMMON', 2, 2026, 2, null, '유진영', '09804004', 139),
    (80400, '사회봉사2 (P/NP)', 1, 'LIBERAL_REQUIREMENT', 'COMMON', 2, 2026, 2, null, '임영진', '09804005', 139),
    (80401, '사회봉사2 (P/NP)', 1, 'LIBERAL_REQUIREMENT', 'COMMON', 2, 2026, 2, null, '이수길', '09804006', 139),
    (80402, '사회봉사2 (P/NP)', 1, 'LIBERAL_REQUIREMENT', 'COMMON', 2, 2026, 2, null, '김영롱', '09804007', 139),
    (80403, '사회봉사2 (P/NP)', 1, 'LIBERAL_REQUIREMENT', 'COMMON', 2, 2026, 2, null, '하형태', '09804008', 139),
    (80404, '사회봉사2 (P/NP)', 1, 'LIBERAL_REQUIREMENT', 'COMMON', 2, 2026, 2, null, '전성규', '09804009', 139),
    (80405, '사회봉사2 (P/NP)', 1, 'LIBERAL_REQUIREMENT', 'COMMON', 2, 2026, 2, null, '김재철', '09804010', 139),
    (80406, '사회봉사2 (P/NP)', 1, 'LIBERAL_REQUIREMENT', 'COMMON', 2, 2026, 2, null, '육호준', '09804011', 139),
    (80407, '사회봉사2 (P/NP)', 1, 'LIBERAL_REQUIREMENT', 'COMMON', 2, 2026, 2, null, '최창용', '09804012', 139),
    (80408, '사회봉사2 (P/NP)', 1, 'LIBERAL_REQUIREMENT', 'COMMON', 2, 2026, 2, null, '김보균', '09804013', 139),
    (80409, '사회봉사2 (P/NP)', 1, 'LIBERAL_REQUIREMENT', 'COMMON', 2, 2026, 2, null, '이태일', '09804014', 139),
    (80410, '사회봉사2 (P/NP)', 1, 'LIBERAL_REQUIREMENT', 'COMMON', 2, 2026, 2, null, '신일항', '09804015', 139),
    (80411, '사회봉사2 (P/NP)', 1, 'LIBERAL_REQUIREMENT', 'COMMON', 2, 2026, 2, null, '홍원택', '09804016', 139),
    (80412, '사회봉사2 (P/NP)', 1, 'LIBERAL_REQUIREMENT', 'COMMON', 2, 2026, 2, null, '이석준', '09804017', 139),
    (80413, '사회봉사2 (P/NP)', 1, 'LIBERAL_REQUIREMENT', 'COMMON', 2, 2026, 2, null, '조정찬', '09804018', 139),
    (80414, '사회봉사2 (P/NP)', 1, 'LIBERAL_REQUIREMENT', 'COMMON', 2, 2026, 2, null, '정원종', '09804019', 139),
    (80415, '사회봉사2 (P/NP)', 1, 'LIBERAL_REQUIREMENT', 'COMMON', 2, 2026, 2, null, '이하늘', '09804020', 139),
    (80416, '사회봉사2 (P/NP)', 1, 'LIBERAL_REQUIREMENT', 'COMMON', 2, 2026, 2, null, '임종경', '09804021', 139),
    (80417, '사회봉사2 (P/NP)', 1, 'LIBERAL_REQUIREMENT', 'COMMON', 2, 2026, 2, null, '김원호', '09804022', 139),
    (80418, '사회봉사2 (P/NP)', 1, 'LIBERAL_REQUIREMENT', 'COMMON', 2, 2026, 2, null, '이재홍', '09804023', 139),
    (80419, '사회봉사2 (P/NP)', 1, 'LIBERAL_REQUIREMENT', 'COMMON', 2, 2026, 2, null, '이주연', '09804024', 139),
    (80420, '사회봉사2 (P/NP)', 1, 'LIBERAL_REQUIREMENT', 'COMMON', 2, 2026, 2, null, '이한솔', '09804025', 139),
    (80421, '사회봉사2 (P/NP)', 1, 'LIBERAL_REQUIREMENT', 'COMMON', 2, 2026, 2, null, '홍완표', '09804026', 139),
    (80422, '사회봉사2 (P/NP)', 1, 'LIBERAL_REQUIREMENT', 'COMMON', 2, 2026, 2, null, '김순영', '09804027', 139),
    (80423, '사회봉사2 (P/NP)', 1, 'LIBERAL_REQUIREMENT', 'COMMON', 2, 2026, 2, null, '홍성삼', '09804028', 139),
    (80424, '사회봉사2 (P/NP)', 1, 'LIBERAL_REQUIREMENT', 'COMMON', 2, 2026, 2, null, '양갑식', '09804029', 139),
    (80425, '사회봉사2 (P/NP)', 1, 'LIBERAL_REQUIREMENT', 'COMMON', 2, 2026, 2, null, '권도형', '09804030', 139);

-- ============================================
-- 3. Curriculum 추가 (경영학과=1, 컴퓨터공학과=2 둘 다 / requirement=true)
-- ============================================
INSERT INTO curriculum (curriculum_id, lecture_id, department_id, grade, requirement)
VALUES
    (1629, 80396, 1, 2, true),
    (1630, 80396, 2, 2, true),
    (1631, 80397, 1, 2, true),
    (1632, 80397, 2, 2, true),
    (1633, 80398, 1, 2, true),
    (1634, 80398, 2, 2, true),
    (1635, 80399, 1, 2, true),
    (1636, 80399, 2, 2, true),
    (1637, 80400, 1, 2, true),
    (1638, 80400, 2, 2, true),
    (1639, 80401, 1, 2, true),
    (1640, 80401, 2, 2, true),
    (1641, 80402, 1, 2, true),
    (1642, 80402, 2, 2, true),
    (1643, 80403, 1, 2, true),
    (1644, 80403, 2, 2, true),
    (1645, 80404, 1, 2, true),
    (1646, 80404, 2, 2, true),
    (1647, 80405, 1, 2, true),
    (1648, 80405, 2, 2, true),
    (1649, 80406, 1, 2, true),
    (1650, 80406, 2, 2, true),
    (1651, 80407, 1, 2, true),
    (1652, 80407, 2, 2, true),
    (1653, 80408, 1, 2, true),
    (1654, 80408, 2, 2, true),
    (1655, 80409, 1, 2, true),
    (1656, 80409, 2, 2, true),
    (1657, 80410, 1, 2, true),
    (1658, 80410, 2, 2, true),
    (1659, 80411, 1, 2, true),
    (1660, 80411, 2, 2, true),
    (1661, 80412, 1, 2, true),
    (1662, 80412, 2, 2, true),
    (1663, 80413, 1, 2, true),
    (1664, 80413, 2, 2, true),
    (1665, 80414, 1, 2, true),
    (1666, 80414, 2, 2, true),
    (1667, 80415, 1, 2, true),
    (1668, 80415, 2, 2, true),
    (1669, 80416, 1, 2, true),
    (1670, 80416, 2, 2, true),
    (1671, 80417, 1, 2, true),
    (1672, 80417, 2, 2, true),
    (1673, 80418, 1, 2, true),
    (1674, 80418, 2, 2, true),
    (1675, 80419, 1, 2, true),
    (1676, 80419, 2, 2, true),
    (1677, 80420, 1, 2, true),
    (1678, 80420, 2, 2, true),
    (1679, 80421, 1, 2, true),
    (1680, 80421, 2, 2, true),
    (1681, 80422, 1, 2, true),
    (1682, 80422, 2, 2, true),
    (1683, 80423, 1, 2, true),
    (1684, 80423, 2, 2, true),
    (1685, 80424, 1, 2, true),
    (1686, 80424, 2, 2, true),
    (1687, 80425, 1, 2, true),
    (1688, 80425, 2, 2, true);